"ORF","start","stop","orientation","name","function.","class","subclass","EC","LocateP.Subcellular.Localization.Prediction","X","X.1","X.2","X.3"
"lp_0014",13747,15168,"+","dnaC","replicative DNA helicase DnaC","DNA metabolism","DNA replication recombination, and repair","3.6.1.-","@Intracellular",NA,NA,NA,""
"lp_0028",32928,35645,"-","lp_0028","kojibiose like phosphorylase, specific","Central intermediary metabolism","Biosynthesis and degradation of polysaccharides","2.4.1.-","@Intracellular",NA,NA,NA,""
"lp_0037",38491,40362,"+","hpk1","histidine protein kinase; sensor protein","Regulatory functions","Two-component regulators","2.7.3.-","@Multi-transmembrane",NA,NA,NA,""
"lp_0055",52794,55160,"-","lp_0055","fumarate reductase, flavoprotein subunit precursor","Energy metabolism","Electron transport","1.3.99.1","@Intracellular",NA,NA,NA,""
"lp_0062",61378,62028,"+","lp_0062","nitroreductase","Energy metabolism","Anaerobic","1.-.-.-","@Intracellular",NA,NA,NA,""
"lp_0067",64826,65839,"-","pva1","penicillin V acylase family protein","Fatty acid and phospholipid metabolism","Sterol, Vitamin K, Vitamin E, carotenoids biosynthesis","3.5.1.11","@Intracellular",NA,NA,NA,""
"lp_0069",67605,68348,"+","ptp1","protein-tyrosine phosphatase","Protein fate","Protein modification and repair","3.1.3.48","@Intracellular",NA,NA,NA,""
"lp_0070",68427,69671,"-","lp_0070","4-hydroxyphenylacetate-3-hydroxylase, C-terminus (pseudogene)","Energy metabolism","Phenolic acids","1.14.13.3","@Intracellular",NA,NA,NA,""
"lp_0071",69750,69860,"-","lp_0071","4-hydroxyphenylacetate-3-hydroxylase, N-terminus (pseudogene)","Energy metabolism","Phenolic acids","1.14.13.3","@Intracellular",NA,NA,NA,""
"lp_0075",72330,72974,"+","azoR1","FMN-dependent NADH-azoreductase (putative)","Energy metabolism","Electron transport","1.6.5.2","@Intracellular",NA,NA,NA,""
"lp_0082",78284,79285,"-","lp_0082","oxidoreductase","Hypothetical proteins","Conserved: putative function","1.-.-.-","@Intracellular",NA,NA,NA,""
"lp_0111",98103,99077,"-","lp_0111","oxidoreductase","Hypothetical proteins","Conserved: putative function","1.-.-.-","@Intracellular",NA,NA,NA,""
"lp_0113",99433,100221,"+","thiM","hydroxyethylthiazole kinase","Biosynthesis of cofactors, prosthetic groups, and carriers","Thiamine","2.7.1.50","@Intracellular",NA,NA,NA,""
"lp_0114",100250,101071,"+","thiD","phosphomethylpyrimidine kinase & hydroxymethylpyrimidine kinase","Biosynthesis of cofactors, prosthetic groups, and carriers","Thiamine"," 2.7.4.7 & 2.7.1.49","@Intracellular",NA,NA,NA,""
"lp_0115",101064,101714,"+","thiE","thiamine-phosphate pyrophosphorylase","Biosynthesis of cofactors, prosthetic groups, and carriers","Thiamine","2.5.1.3","@Intracellular",NA,NA,NA,""
"lp_0119",105692,106159,"-","lp_0119","NTP pyrophosphohydrolase","DNA metabolism","DNA replication recombination, and repair","3.6.1.-","@Intracellular",NA,NA,NA,""
"lp_0124",109569,112304,"-","pacL1","cation transporting P-type ATPase","Transport and binding proteins","Cations","3.6.3.-","@Multi-transmembrane",NA,NA,NA,""
"lp_0127",113653,114252,"-","lp_0127","oxidoreductase","Hypothetical proteins","Conserved: putative function","1.-.-.-","@Intracellular",NA,NA,NA,""
"lp_0136",119743,120588,"+","lp_0136","2,5 diketo-D-gluconic acid -like  reductase, NADP dependent, promiscuous","Hypothetical proteins","Conserved: putative function","1.1.1.-","@Intracellular",NA,NA,NA,""
"lp_0137",120668,121537,"+","lp_0137","aldo/keto reductase family protein","Hypothetical proteins","Conserved: putative function","1.-.-.-","@Intracellular",NA,NA,NA,""
"lp_0139",122421,124127,"+","lai","linoleic acid isomerase ","Cell envelope","Cell surface proteins: membrane bound","5.2.1.5","@N-terminally anchored (No CS)",NA,NA,NA,""
"lp_0146",126969,128093,"-","lp_0146","NADH:flavin oxidoreductase/NADH oxidase","Hypothetical proteins","Conserved: putative function","1.-.-.-","@Intracellular",NA,NA,NA,""
"lp_0174",149293,150963,"+","malA1","maltase & sucrase","Central intermediary metabolism","Biosynthesis and degradation of polysaccharides","3.2.1.-","@Intracellular",NA,NA,NA,""
"lp_0179",155655,156974,"+","malS","alpha-amylase, maltodextrins and cyclomaltodextrins","Central intermediary metabolism","Biosynthesis and degradation of polysaccharides","3.2.1.1","@Intracellular",NA,NA,NA,""
"lp_0181",158212,160479,"+","mapB","maltose phosphorylase","Central intermediary metabolism","Biosynthesis and degradation of polysaccharides","2.4.1.8","@Intracellular",NA,NA,NA,""
"lp_0184",164482,165345,"-","sacK1","fructokinase","Energy metabolism","Sugars","2.7.1.4","@Intracellular",NA,NA,NA,""
"lp_0189",170177,171850,"+","lp_0189","raffinose-6-P hydrolase & stachyose-6-P hydrolase","Central intermediary metabolism","Biosynthesis and degradation of polysaccharides","3.2.1.22","@Intracellular",NA,NA,NA,""
"lp_0190",172013,172924,"-","lp_0190","oxidoreductase","Hypothetical proteins","Conserved: putative function","1.-.-.-","@Intracellular",NA,NA,NA,""
"lp_0193",175091,176761,"+","lp_0193","exo alfa-1,4-glucosidase or trehalase ","Central intermediary metabolism","Biosynthesis and degradation of polysaccharides","3.2.1.20 or 3.2.1.28","@Intracellular",NA,NA,NA,""
"lp_0205",189978,190598,"+","pgm1","phosphoglycerate mutase family protein","Energy metabolism","Glycolysis","5.4.2.1","@Intracellular",NA,NA,NA,""
"lp_0206",190859,191650,"+","lp_0206","oxidoreductase","Hypothetical proteins","Conserved: putative function","1.-.-.-","@Intracellular",NA,NA,NA,""
"lp_0210",193763,194947,"+","ack1","acetate kinase","Energy metabolism","Fermentation","2.7.2.1","@Intracellular",NA,NA,NA,""
"lp_0221",203381,204208,"+","lp_0221","2,5 diketo-D-gluconic acid -like  reductase, NADP dependent (promiscuous)","Hypothetical proteins","Conserved: putative function","1.1.1.-","@Intracellular",NA,NA,NA,""
"lp_0226",206280,206990,"+","gnp","glucosamine-6-phosphate isomerase","Central intermediary metabolism","Amino sugars","3.5.99.6","@Intracellular",NA,NA,NA,""
"lp_0228",207139,208551,"-","pepD1","dipeptidase","Protein fate","Degradation of proteins, peptides, and glycopeptides","3.4.13.-","@Intracellular",NA,NA,NA,""
"lp_0230",208913,210748,"+","pts2CB","mannitol PTS, EIICB","Transport and binding proteins","PTS systems","2.7.1.69","@Multi-transmembrane",NA,NA,NA,""
"lp_0232",212878,213324,"+","pts2A","mannitol PTS, EIIA","Transport and binding proteins","PTS systems","2.7.1.69","@Intracellular",NA,NA,NA,""
"lp_0233",213329,214483,"+","mtlD","mannitol-1-phosphate 5-dehydrogenase","Energy metabolism","Sugars","1.1.1.17","@Intracellular",NA,NA,NA,""
"lp_0242",217782,218243,"-","ndk","nucleoside-diphosphate kinase","Purines, pyrimidines, nucleosides and nucleotides","Pyrimidine ribonucleotide biosynthesis","2.7.4.6","@Intracellular",NA,NA,NA,""
"lp_0244",220124,220669,"+","lp_0244","NADPH-dependent FMN reductase family protein","Hypothetical proteins","Conserved: putative function","1.-.-.-","@Intracellular",NA,NA,NA,""
"lp_0247",222157,223488,"+","pts3C","cellobiose PTS, EIIC","Transport and binding proteins","PTS systems","2.7.1.69","@Multi-transmembrane",NA,NA,NA,""
"lp_0263",236050,237690,"+","treA","trehalose-6-phosphate hydrolase ","Central intermediary metabolism","Biosynthesis and degradation of polysaccharides","3.2.1.93","@Intracellular",NA,NA,NA,""
"lp_0264",237710,239704,"+","pts4ABC","PTS system, trehalose-specific IIBC component","Transport and binding proteins","PTS systems","2.7.1.69","@Multi-transmembrane",NA,NA,NA,""
"lp_0265",239927,241894,"+","pts5ABC","PTS system, trehalose-specific IIBC component","Transport and binding proteins","PTS systems","2.7.1.69","@Multi-transmembrane",NA,NA,NA,""
"lp_0271",247890,248450,"+","lp_0271","aromatic acid carboxylyase, subunit B (putative)","Hypothetical proteins","Conserved: putative function","4.1.1.-","@Intracellular",NA,NA,NA,""
"lp_0282",255808,257181,"-","hpk2","histidine protein kinase; sensor protein","Regulatory functions","Two-component regulators","2.7.3.-","@Multi-transmembrane",NA,NA,NA,""
"lp_0286",259439,260761,"+","pts6C","cellobiose PTS, EIIC","Transport and binding proteins","PTS systems","2.7.1.69","@Multi-transmembrane",NA,NA,NA,""
"lp_0291",263170,264561,"+","lp_0291","FAD/FMN-containing dehydrogenase","Hypothetical proteins","Conserved: putative function","1.-.-.-","@Intracellular",NA,NA,NA,""
"lp_0310",286486,287679,"+","ack2","acetate kinase","Energy metabolism","Fermentation","2.7.2.1","@Intracellular",NA,NA,NA,""
"lp_0313",288937,290136,"+","ndh1","NADH dehydrogenase","Energy metabolism","Electron transport","1.6.99.3","@Intracellular",NA,NA,NA,""
"lp_0329",300200,301564,"-","acdH","acetaldehyde dehydrogenase","Energy metabolism","Fermentation","1.2.1.10","@Intracellular",NA,NA,NA,""
"lp_0334",306430,307839,"+","pepD2","dipeptidase","Protein fate","Degradation of proteins, peptides, and glycopeptides","3.4.13.-","@Intracellular",NA,NA,NA,""
"lp_0350",320360,321316,"+","hicD1","L-2-hydroxyisocaproate dehydrogenase","Energy metabolism","Amino acids and amines","1.1.1.-","@Intracellular",NA,NA,NA,""
"lp_0353",321925,322485,"-","zmp1","extracellular zinc metalloproteinase, M10 family (putative)","Cell envelope","Cell surface proteins: other","3.4.24.-","@Secretory(released) (with CS)",NA,NA,NA,""
"lp_0362",328642,329211,"+","accB3","acetyl-CoA carboxylase, biotin carboxyl carrier protein","Fatty acid and phospholipid metabolism","Fatty acid biosynthesis","6.4.1.2","@Intracellular",NA,NA,NA,""
"lp_0363",329383,330300,"-","lp_0363","purine nucleosidase","Purines, pyrimidines, nucleosides and nucleotides","Nucleotide and nucleoside interconversions","3.2.2.1","@Intracellular",NA,NA,NA,""
"lp_0369",337088,338416,"+","gshR1","glutathione reductase","Biosynthesis of cofactors, prosthetic groups, and carriers","Glutathione, thioredoxin, and glutaredoxin","1.8.1.7","@Intracellular",NA,NA,NA,""
"lp_0370",338885,340399,"+","glpK","glycerol kinase","Fatty acid and phospholipid metabolism","Glycerolipid metabolism","2.7.1.30","@Intracellular",NA,NA,NA,""
"lp_0371",340417,342243,"+","glpD","glycerol-3-phosphate dehydrogenase, FAD-dependent","Fatty acid and phospholipid metabolism","Glycerolipid metabolism","1.1.99.5","@Intracellular",NA,NA,NA,""
"lp_0393",357387,358001,"-","thgA1","galactoside O-acetyltransferase","Central intermediary metabolism","General","2.3.1.18","@Intracellular",NA,NA,NA,""
"lp_0416",371705,373030,"+","plnB","histidine protein kinase PlnB; sensor protein","Regulatory functions","Two-component regulators","2.7.3.-","@Multi-transmembrane",NA,NA,NA,""
"lp_0436",390029,391387,"+","pts7C","cellobiose PTS, EIIC","Transport and binding proteins","PTS systems","2.7.1.69","@Multi-transmembrane",NA,NA,NA,""
"lp_0439",392220,393572,"+","pts8C","cellobiose PTS, EIIC","Transport and binding proteins","PTS systems","2.7.1.69","@Multi-transmembrane",NA,NA,NA,""
"lp_0440",393593,395026,"+","pbg1","6-phospho-beta-glucosidase","Energy metabolism","Sugars","3.2.1.86","@Intracellular",NA,NA,NA,""
"lp_0469",419737,420558,"+","bla1","beta-lactamase","Cell envelope","Cell surface proteins: other","3.5.2.6","@Secretory(released) (with CS)",NA,NA,NA,""
"lp_0489",437783,438607,"+","tkt1A","transketolase, thiamine diphosphate binding domain","Energy metabolism","Pentose phosphate pathway","2.2.1.1","",NA,NA,NA,""
"lp_0491",439138,440052,"+","tkt1B","transketolase, pyrimidine-binding domain","Energy metabolism","Pentose phosphate pathway","2.2.1.1","",NA,NA,NA,""
"lp_0497",444089,444733,"+","deoC","deoxyribose-phosphate aldolase","Energy metabolism","Pentose phosphate pathway","4.1.2.4","@Intracellular",NA,NA,NA,""
"lp_0499",446166,447179,"+","deoM","deoxyribose mutarotase","Energy metabolism","Pentose phosphate pathway","5.3.1.-","@Intracellular",NA,NA,NA,""
"lp_0500",447195,448115,"+","deoK","deoxyribokinase","Energy metabolism","Pentose phosphate pathway","2.7.1.15","@Intracellular",NA,NA,NA,""
"lp_0501",448814,450082,"+","serS1","serine--tRNA ligase","Protein synthesis","tRNA aminoacylation","6.1.1.11","@Intracellular",NA,NA,NA,""
"lp_0505",452087,452737,"+","sdhB","L-serine dehydratase, beta subunit","Energy metabolism","Amino acids and amines","4.3.1.17","@Intracellular",NA,NA,NA,""
"lp_0506",452759,453655,"+","sdhA","L-serine dehydratase, alpha subunit","Energy metabolism","Amino acids and amines","4.3.1.17","@Intracellular",NA,NA,NA,""
"lp_0516",461680,462576,"+","htpX","cell surface zinc metalloproteinase","Cell envelope","Cell surface proteins: other","3.4.24.-","@Multi-transmembrane",NA,NA,NA,""
"lp_0526",472578,475637,"-","carB","carbamoyl-phosphate synthase, large subunit","Amino acid biosynthesis","Glutamate family","6.3.5.5","@Intracellular",NA,NA,NA,""
"lp_0527",475633,476697,"-","carA","carbamoyl-phosphate synthase, small subunit","Amino acid biosynthesis","Glutamate family","6.3.5.5","@Intracellular",NA,NA,NA,""
"lp_0537",485470,486429,"-","ldhL1","L-lactate dehydrogenase","Energy metabolism","Fermentation","1.1.1.27","@Intracellular",NA,NA,NA,""
"lp_0547",496382,498616,"+","ftsH","cell division protein FtsH, ATP-dependent zinc metallopeptidase","Cellular processes","Cell division","3.4.24.-","@Multi-transmembrane",NA,NA,NA,""
"lp_0567",523336,525987,"+","pacL2","cation transporting P-type ATPase","Transport and binding proteins","Cations","3.6.3.-","@Multi-transmembrane",NA,NA,NA,""
"lp_0575",533143,534114,"+","pts9AB","mannose PTS, EIIAB","Transport and binding proteins","PTS systems","2.7.1.69","@Intracellular",NA,NA,NA,""
"lp_0576",534155,534958,"+","pts9C","mannose PTS, EIIC","Transport and binding proteins","PTS systems","2.7.1.69","@Multi-transmembrane(Lipid modified N-termini)",NA,NA,NA,""
"lp_0577",534979,535893,"+","pts9D","mannose PTS, EIID","Transport and binding proteins","PTS systems","2.7.1.69","@Multi-transmembrane",NA,NA,NA,""
"lp_0586",561198,561614,"+","pts10A","mannose PTS, EIIA","Transport and binding proteins","PTS systems","2.7.1.69","@Intracellular",NA,NA,NA,""
"lp_0587",561614,562129,"+","pts10B","mannose PTS, EIIB","Transport and binding proteins","PTS systems","2.7.1.69","@Intracellular",NA,NA,NA,""
"lp_0588",562296,563264,"+","fabH1","3-oxoacyl-[acyl-carrier protein] synthase III","Fatty acid and phospholipid metabolism","Fatty acid biosynthesis","2.3.1.41","@Intracellular",NA,NA,NA,""
"lp_0589",563278,563676,"+","accB1","acetyl-CoA carboxylase, biotin carboxyl carrier protein","Fatty acid and phospholipid metabolism","Fatty acid biosynthesis","6.4.1.2","@Intracellular",NA,NA,NA,""
"lp_0590",563682,565001,"+","accC1","acetyl-CoA carboxylase, biotin carboxylase subunit","Fatty acid and phospholipid metabolism","Fatty acid biosynthesis","6.4.1.2","@Intracellular",NA,NA,NA,""
"lp_0591",565001,565801,"+","accD1","acetyl-CoA carboxylase, carboxyl transferase subunit beta","Fatty acid and phospholipid metabolism","Fatty acid biosynthesis","6.4.1.2","@Intracellular",NA,NA,NA,""
"lp_0592",565797,566567,"+","accA1","acetyl-CoA carboxylase, carboxyl transferase subunit alpha","Fatty acid and phospholipid metabolism","Fatty acid biosynthesis","6.4.1.2","@Intracellular",NA,NA,NA,""
"lp_0597",570711,571385,"+","pgm2","phosphoglycerate mutase family protein","Energy metabolism","Glycolysis","5.4.2.1","@Intracellular",NA,NA,NA,""
"lp_0600",571808,572497,"+","zmp2","extracellular zinc metalloproteinase, M10 family (putative)","Cell envelope","Cell surface proteins: other","3.4.24.-","@N-terminally anchored (No CS)",NA,NA,NA,""
"lp_0709",650610,651602,"+","galE1","UDP-glucose 4-epimerase","Purines, pyrimidines, nucleosides and nucleotides","Sugar-nucleotide biosynthesis and interconversions","5.1.3.2","@Intracellular",NA,NA,NA,""
"lp_0730",669270,670364,"+","tagO","undecaprenyl-phosphate N-acetyl-glucosaminyl transferase","Cell envelope","Teichoic acid biosynthesis","2.7.8.-","@Multi-transmembrane",NA,NA,NA,""
"lp_0744",681237,682637,"+","hpk3","histidine protein kinase; sensor protein","Regulatory functions","Two-component regulators","2.7.3.-","@Multi-transmembrane",NA,NA,NA,""
"lp_0754",688895,689839,"+","hprK","bifunctional protein: HPr kinase; P-ser-HPr phosphatase","Transport and binding proteins","PTS systems","2.7.1.-;3.1.3.-","@Intracellular",NA,NA,NA,""
"lp_0760",693877,695286,"+","nox1","NADH oxidase","Energy metabolism","Aerobic","1.6.-.-","@Intracellular",NA,NA,NA,""
"lp_0764",697830,699554,"+","pgm","phosphoglucomutase","Central intermediary metabolism","Biosynthesis and degradation of polysaccharides","5.4.2.2","@Intracellular",NA,NA,NA,""
"lp_0766",700545,701900,"+","nox2","NADH oxidase","Energy metabolism","Aerobic","1.6.-.-","@Intracellular",NA,NA,NA,""
"lp_0769",702352,702906,"-","aad","D-alanyl-D-alanine dipeptidase","Cell envelope","Murein sacculus and peptidoglycan","3.4.13.-","@Intracellular",NA,NA,NA,""
"lp_0785",719634,720605,"-","lp_0785","2-hydroxyacid dehydrogenase","Energy metabolism","Glycolysis","1.1.1.-","@Intracellular",NA,NA,NA,""
"lp_0806",747476,748165,"+","ung","uracil-DNA glycosylase","DNA metabolism","DNA replication recombination, and repair","3.2.2.-","@Intracellular",NA,NA,NA,""
"lp_0807",748192,749166,"+","pta","phosphate acetyltransferase","Energy metabolism","Fermentation","2.3.1.8","@Intracellular",NA,NA,NA,""
"lp_0810",749746,750258,"+","lp_0810","acetyltransferase (putative)","Hypothetical proteins","Conserved: putative function","2.3.1.-","@Intracellular",NA,NA,NA,""
"lp_0813",752170,753069,"+","lp_0813","oxidoreductase, NAD-dependent ","Hypothetical proteins","Conserved: putative function","1.-.-.-","@Intracellular",NA,NA,NA,""
"lp_0822",761633,763447,"+","glmS1","glutamine-fructose-6-phosphate transaminase (isomerizing)","Central intermediary metabolism","Amino sugars","2.6.1.16","@Intracellular",NA,NA,NA,""
"lp_0826",766265,767311,"-","galM1","aldose 1-epimerase","Energy metabolism","Sugars","5.1.3.3","@Intracellular",NA,NA,NA,""
"lp_0834",772284,773807,"-","gykA","glycerol kinase","Fatty acid and phospholipid metabolism","Glycerolipid metabolism","2.7.1.30","@Intracellular",NA,NA,NA,""
"lp_0844",783590,784396,"-","licD","lipooligosaccharide cholinephosphotransferase (putative)","Cell envelope","Surface polysaccharides, lipopolysaccharides and antigens","2.7.8.-","@Intracellular",NA,NA,NA,""
"lp_0849",787619,789355,"+","pox1","pyruvate oxidase","Energy metabolism","Aerobic","1.2.3.3","@Intracellular",NA,NA,NA,""
"lp_0850",789499,790344,"+","ribC1","bifunctional protein: riboflavin kinase; FMN adenylyltransferase","Biosynthesis of cofactors, prosthetic groups, and carriers","Riboflavin, FMN, and FAD","2.7.1.26;2.7.7.2","@Intracellular",NA,NA,NA,""
"lp_0852",790676,792436,"+","pox2","pyruvate oxidase","Energy metabolism","Aerobic","1.2.3.3","@Intracellular",NA,NA,NA,""
"lp_0857",797485,799923,"-","pepX","Xaa-Pro dipeptidyl-peptidase","Protein fate","Degradation of proteins, peptides, and glycopeptides","3.4.14.11","@Intracellular",NA,NA,NA,""
"lp_0872",808192,808815,"-","gph1","phosphohydrolase, possibly 2-phosphoglycolate phosphohydrolase (3.1.3.18); or inorganic pyrophosphatase (3.6.1.1)","Central intermediary metabolism","General","3.1.3.18 or 3.6.1.1","@Intracellular",NA,NA,NA,""
"lp_0884",815039,815530,"+","pts11A","PTS, EIIA (putative)","Transport and binding proteins","PTS systems","2.7.1.69","@Intracellular",NA,NA,NA,""
"lp_0886",816429,817877,"+","pts11BC","beta-glucosides PTS, EIIBC","Transport and binding proteins","PTS systems","2.7.1.69","@Multi-transmembrane",NA,NA,NA,""
"lp_0900",828446,829120,"-","pgm3","phosphoglycerate mutase family protein","Energy metabolism","Glycolysis","5.4.2.1","@Intracellular",NA,NA,NA,""
"lp_0901",829138,829791,"-","pgm4","phosphoglycerate mutase family protein","Energy metabolism","Glycolysis","5.4.2.1","@Intracellular",NA,NA,NA,""
"lp_0905",833821,835680,"+","pts12BCA","beta-glucosides PTS, EIIBCA","Transport and binding proteins","PTS systems","2.7.1.69","@Multi-transmembrane",NA,NA,NA,""
"lp_0906",835698,837197,"+","pbg2","6-phospho-beta-glucosidase","Energy metabolism","Sugars","3.2.1.86","@Intracellular",NA,NA,NA,""
"lp_0910",838126,840429,"+","lp_0910","DNA helicase (putative)","DNA metabolism","DNA replication recombination, and repair","3.6.1.-","@Intracellular",NA,NA,NA,""
"lp_0912",842494,843420,"+","lp_0912","enoyl-[acyl-carrier protein] reductase (NADH)(putative)","Fatty acid and phospholipid metabolism","Fatty acid biosynthesis","1.3.1.9","@Intracellular",NA,NA,NA,""
"lp_0952",883915,885801,"+","lp_0952","fumarate reductase, flavoprotein subunit precursor","Energy metabolism","Electron transport","1.3.99.1","@Intracellular",NA,NA,NA,""
"lp_0955",886665,887291,"-","azoR2","FMN-dependent NADH-azoreductase (putative)","Energy metabolism","Electron transport","1.6.5.2","@Intracellular",NA,NA,NA,""
"lp_0959",890258,891661,"-","pepD3","dipeptidase","Protein fate","Degradation of proteins, peptides, and glycopeptides","3.4.13.-","@Intracellular",NA,NA,NA,""
"lp_0962",893921,895726,"+","recQ1","ATP-dependent DNA helicase RecQ","DNA metabolism","DNA replication recombination, and repair","3.6.1.-","@Intracellular",NA,NA,NA,""
"lp_0963",895772,896650,"+","rluE","ribosomal large subunit pseudouridine synthase ","Protein synthesis","tRNA and rRNA base modification","4.2.1.70","@Intracellular",NA,NA,NA,""
"lp_0971",902437,903102,"+","lp_0971","phosphoglycerate mutase family protein","Energy metabolism","Glycolysis","5.4.2.1","@Intracellular",NA,NA,NA,""
"lp_1005",927175,928854,"+","als","acetolactate synthase","Energy metabolism","Fermentation","2.2.1.6","@Intracellular",NA,NA,NA,""
"lp_1010",931038,931808,"+","dacB","serine-type D-Ala-D-Ala carboxypeptidase","Cell envelope","Murein sacculus and peptidoglycan","3.4.16.4","@Lipid anchored",NA,NA,NA,""
"lp_1012",933125,934399,"+","serS2","serine-tRNA ligase","Protein synthesis","tRNA aminoacylation","6.1.1.11","@Intracellular",NA,NA,NA,""
"lp_1069",970874,972781,"-","ndh2","NADH dehydrogenase, membrane-anchored","Energy metabolism","Electron transport","1.6.99.3","@Multi-transmembrane",NA,NA,NA,""
"lp_1076",978088,978873,"+","truA","tRNA pseudouridine synthase A","Protein synthesis","tRNA and rRNA base modification","4.2.1.70","@Intracellular",NA,NA,NA,""
"lp_1082",982630,983715,"+","lp_1082","malate / lactate dehydrogenase","Energy metabolism","TCA cycle","1.1.1.-","@Intracellular",NA,NA,NA,""
"lp_1083",984596,986605,"+","tkt2","transketolase","Energy metabolism","Pentose phosphate pathway","2.2.1.1","@Intracellular",NA,NA,NA,""
"lp_1101",999592,1000518,"+","ldhL2","L-lactate dehydrogenase","Energy metabolism","Fermentation","1.1.1.27","@Intracellular",NA,NA,NA,""
"lp_1113",1010911,1012296,"+","lp_1113","fumarate reductase, flavoprotein subunit ","Energy metabolism","Electron transport","1.3.99.1","@Intracellular",NA,NA,NA,""
"lp_1125",1023890,1025326,"+","cydA","cytochrome D ubiquinol oxidase, subunit I","Energy metabolism","Electron transport","1.10.3.-","@Multi-transmembrane",NA,NA,NA,""
"lp_1126",1025322,1026314,"+","cydB","cytochrome D ubiquinol oxidase, subunit II","Energy metabolism","Electron transport","1.10.3.-","@Multi-transmembrane",NA,NA,NA,""
"lp_1135",1032399,1033346,"+","lp_1135","prenyltransferase","Biosynthesis of cofactors, prosthetic groups, and carriers","Menaquinone and ubiquinone","2.5.1.-","@Multi-transmembrane",NA,NA,NA,""
"lp_1136",1033565,1034536,"-","lp_1136","oxidoreductase, NAD(P)-dependent","Hypothetical proteins","Conserved: putative function","1.-.-.-","@Intracellular",NA,NA,NA,""
"lp_1144",1038557,1040821,"+","pcrA","ATP-dependent DNA helicase PcrA","DNA metabolism","DNA replication recombination, and repair","3.6.1.-","@Intracellular",NA,NA,NA,""
"lp_1155",1054013,1055326,"+","pts13C","cellobiose PTS, EIIC","Transport and binding proteins","PTS systems","2.7.1.69","@Multi-transmembrane",NA,NA,NA,""
"lp_1161",1059262,1060266,"+","lp_1161","oxidoreductase, NAD-dependent","Hypothetical proteins","Conserved: putative function","1.-.-.-","@Intracellular",NA,NA,NA,""
"lp_1164",1062473,1063777,"+","pts14C","cellobiose PTS, EIIC","Transport and binding proteins","PTS systems","2.7.1.69","@Multi-transmembrane",NA,NA,NA,""
"lp_1171",1068324,1069496,"+","pbpX1","serine-type D-Ala-D-Ala carboxypeptidase","Cell envelope","Murein sacculus and peptidoglycan","3.4.16.4","@N-terminally anchored (No CS)",NA,NA,NA,""
"lp_1176",1073182,1074300,"+","glf1","UDP-galactopyranose mutase","Purines, pyrimidines, nucleosides and nucleotides","Sugar-nucleotide biosynthesis and interconversions","5.4.99.9","@Intracellular",NA,NA,NA,""
"lp_1178",1075304,1076362,"+","cps1B","glycosyltransferase","Cell envelope","Surface polysaccharides, lipopolysaccharides and antigens","2.4.1.-","@Intracellular",NA,NA,NA,""
"lp_1180",1077831,1078604,"+","cps1D","glycosyltransferase","Cell envelope","Surface polysaccharides, lipopolysaccharides and antigens","2.4.1.-","@Intracellular",NA,NA,NA,""
"lp_1183",1080249,1081376,"+","cps1G","glycosyltransferase","Cell envelope","Surface polysaccharides, lipopolysaccharides and antigens","2.4.1.-","@Intracellular",NA,NA,NA,""
"lp_1184",1081380,1082303,"+","cps1H","glycosyltransferase (rhamnosyltransferase)","Cell envelope","Surface polysaccharides, lipopolysaccharides and antigens","2.4.1.-","@Intracellular",NA,NA,NA,""
"lp_1190",1087414,1088253,"+","rfbD","dTDP-4-dehydrorhamnose reductase","Purines, pyrimidines, nucleosides and nucleotides","Sugar-nucleotide biosynthesis and interconversions","1.1.1.133","@Intracellular",NA,NA,NA,""
"lp_1200",1093199,1094143,"+","cps2D","UDP N-acetyl glucosamine 4-epimerase, NAD dependent","Purines, pyrimidines, nucleosides and nucleotides","Sugar-nucleotide biosynthesis and interconversions","5.3.1.7","@Intracellular",NA,NA,NA,""
"lp_1202",1094805,1095896,"+","cps2F","glycosyltransferase","Cell envelope","Surface polysaccharides, lipopolysaccharides and antigens","2.4.1.-","@Intracellular",NA,NA,NA,""
"lp_1206",1099787,1100809,"+","cps2J","glycosyltransferase","Cell envelope","Surface polysaccharides, lipopolysaccharides and antigens","2.4.1.-","@Intracellular",NA,NA,NA,""
"lp_1215",1106172,1107080,"+","cps3A","glycosyltransferase","Cell envelope","Surface polysaccharides, lipopolysaccharides and antigens","2.4.1.-","@Intracellular",NA,NA,NA,""
"lp_1216",1107166,1108095,"+","cps3B","glycosyltransferase","Cell envelope","Surface polysaccharides, lipopolysaccharides and antigens","2.4.1.-","@Intracellular",NA,NA,NA,""
"lp_1219",1108611,1109741,"+","glf2","UDP-galactopyranose mutase","Purines, pyrimidines, nucleosides and nucleotides","Sugar-nucleotide biosynthesis and interconversions","5.4.99.9","@N-terminally anchored (No CS)",NA,NA,NA,""
"lp_1226",1113822,1114898,"+","cps3I","O-acetyltransferase","Cell envelope","Surface polysaccharides, lipopolysaccharides and antigens","2.3.1.-","@Multi-transmembrane",NA,NA,NA,""
"lp_1227",1115037,1115810,"+","cps3J","glycosyltransferase","Cell envelope","Surface polysaccharides, lipopolysaccharides and antigens","2.4.1.-","@Intracellular",NA,NA,NA,""
"lp_1242",1128471,1129199,"-","lp_1242","extracellular protein, NlpC/P60 family, gamma-D-glutamate-meso-diaminopimelate muropeptidase (putative)","Cell envelope","Murein sacculus and peptidoglycan","3.4.19.11","@N-terminally anchored (No CS)",NA,NA,NA,""
"lp_1245",1130230,1131153,"-","hicD2","L-2-hydroxyisocaproate dehydrogenase","Energy metabolism","Amino acids and amines","1.1.1.-","@Intracellular",NA,NA,NA,""
"lp_1250",1134496,1136007,"-","gntK","gluconokinase","Energy metabolism","Pentose phosphate pathway","2.7.1.12","@Intracellular",NA,NA,NA,""
"lp_1251",1136026,1136919,"-","lp_1251","6-phosphogluconate dehydrogenase (decarboxylating)","Energy metabolism","Pentose phosphate pathway","1.1.1.44","@Intracellular",NA,NA,NA,""
"lp_1253",1137093,1138412,"-","gshR2","glutathione reductase","Biosynthesis of cofactors, prosthetic groups, and carriers","Glutathione, thioredoxin, and glutaredoxin","1.8.1.7","@Intracellular",NA,NA,NA,""
"lp_1274",1157416,1159143,"+","ptsI","phosphoenolpyruvate-protein phosphotransferase","Transport and binding proteins","PTS systems","2.7.3.9","@Intracellular",NA,NA,NA,""
"lp_1275",1159684,1160859,"+","lp_1275","1,2-diacylglycerol 3-glucosyltransferase (putative)","Cell envelope","Glycosyltransferase","2.4.1.-","@Intracellular",NA,NA,NA,""
"lp_1276",1160939,1161895,"+","lp_1276","glucosyldiacylglycerol 6-beta-glucosyltransferase","Cell envelope","Glycosyltransferase","2.4.1.-","@Intracellular",NA,NA,NA,""
"lp_1278",1163084,1164319,"+","dacA2","serine-type D-Ala-D-Ala carboxypeptidase","Cell envelope","Murein sacculus and peptidoglycan","3.4.16.4","@Secretory(released) (with CS)",NA,NA,NA,""
"lp_1280",1164486,1165670,"-","araT1","aromatic amino acid specific aminotransferase","Energy metabolism","Amino acids and amines","2.6.1.57","@Intracellular",NA,NA,NA,""
"lp_1319",1214810,1215547,"+","rsuA","pseudouridylate synthase A","Protein synthesis","tRNA and rRNA base modification","4.2.1.70","@Intracellular",NA,NA,NA,""
"lp_1339",1232515,1233315,"-","mrsA1","protein-methionine-S-oxide reductase","Protein fate","Protein modification and repair","1.8.4.11","@Intracellular",NA,NA,NA,""
"lp_1350",1239260,1240372,"+","lp_1350","NADH:flavin oxidoreductase/NADH oxidase","Energy metabolism","Aerobic","1.-.-.-","@Intracellular",NA,NA,NA,""
"lp_1355",1243904,1245163,"+","pltK","histidine protein kinase; sensor protein","Regulatory functions","Two-component regulators","2.7.3.-","@Multi-transmembrane",NA,NA,NA,""
"lp_1398",1282319,1282654,"+","pts15A","beta-glucosides PTS, EIIA","Transport and binding proteins","PTS systems","2.7.1.69","@Intracellular",NA,NA,NA,""
"lp_1399",1282654,1282950,"+","pts15B","beta-glucosides PTS, EIIB","Transport and binding proteins","PTS systems","2.7.1.69","@Intracellular",NA,NA,NA,""
"lp_1400",1282987,1284339,"+","pts15C","beta-glucosides PTS, EIIC","Transport and binding proteins","PTS systems","2.7.1.69","@Multi-transmembrane",NA,NA,NA,""
"lp_1401",1284345,1285814,"+","pbg3","6-phospho-beta-glucosidase","Energy metabolism","Sugars","3.2.1.86","@Intracellular",NA,NA,NA,""
"lp_1424",1304258,1304869,"+","lp_1424","NADPH-dependent FMN reductase family protein","Hypothetical proteins","Conserved: putative function","1.-.-.-","@Intracellular",NA,NA,NA,""
"lp_1430",1309333,1310325,"+","lp_1430","glycosyltransferase","Cell envelope","Surface polysaccharides, lipopolysaccharides and antigens","2.4.1.-","@N-terminally anchored (No CS)",NA,NA,NA,""
"lp_1445",1321113,1322426,"+","npr1","NADH peroxidase","Cellular processes","Detoxification","1.11.1.1","@Intracellular",NA,NA,NA,""
"lp_1452",1329382,1330275,"-","prtM1","peptidylprolyl isomerase","Protein fate","Protein folding and stabilization","5.2.1.8","@Lipid anchored",NA,NA,NA,""
"lp_1488",1361804,1362832,"-","hpk4","histidine protein kinase; sensor protein (putative)","Regulatory functions","Two-component regulators","2.7.3.-","@Intracellular",NA,NA,NA,""
"lp_1497",1368132,1371821,"+","narG","nitrate reductase, alpha chain","Energy metabolism","Anaerobic","1.7.99.4","@Intracellular",NA,NA,NA,""
"lp_1498",1371814,1373370,"+","narH","nitrate reductase, beta chain","Energy metabolism","Anaerobic","1.7.99.4","@Intracellular",NA,NA,NA,""
"lp_1499",1373366,1373935,"+","narJ","nitrate reductase, delta chain","Energy metabolism","Anaerobic","1.7.99.4","@Intracellular",NA,NA,NA,""
"lp_1500",1373935,1374621,"+","narI","nitrate reductase, gamma chain","Energy metabolism","Anaerobic","1.7.99.4","@Multi-transmembrane",NA,NA,NA,""
"lp_1523",1393473,1394216,"+","racD","aspartate racemase","Amino acid biosynthesis","Glutamate family","5.1.1.13","@Intracellular",NA,NA,NA,""
"lp_1541",1407210,1408643,"+","gnd2","phosphogluconate dehydrogenase (decarboxylating)","Energy metabolism","Pentose phosphate pathway","1.1.1.44","@Intracellular",NA,NA,NA,""
"lp_1545",1411040,1412680,"+","hpk5","histidine protein kinase; sensor protein","Regulatory functions","Two-component regulators","2.7.3.-","@Multi-transmembrane",NA,NA,NA,""
"lp_1546",1413054,1414019,"+","lp_1546","prenyltransferase","Biosynthesis of cofactors, prosthetic groups, and carriers","Menaquinone and ubiquinone","2.5.1.-","@Multi-transmembrane",NA,NA,NA,""
"lp_1571",1437564,1438244,"+","lp_1571","membrane-bound protease, rhomboid family","Hypothetical proteins","Conserved: membrane proteins","3.2.1.-","@Multi-transmembrane",NA,NA,NA,""
"lp_1581",1443550,1444893,"+","glnA","glutamate--ammonia ligase","Amino acid biosynthesis","Aspartate family","6.3.1.2","@Intracellular",NA,NA,NA,""
"lp_1602",1456997,1457884,"+","lp_1602","polyprenyl synthetase","Fatty acid and phospholipid metabolism","Sterol, Vitamin K, Vitamin E, carotenoids biosynthesis","2.5.1.-","@Intracellular",NA,NA,NA,""
"lp_1620",1475428,1476321,"+","lp_1620","translation factor, GTPase","protein synthesis","translation","3.6.1.-","@Intracellular",NA,NA,NA,""
"lp_1621",1476334,1476984,"+","rpe","ribulose-phosphate 3-epimerase","Energy metabolism","Pentose phosphate pathway","5.1.3.1","@Intracellular",NA,NA,NA,""
"lp_1622",1476987,1477643,"+","tpk","thiamin pyrophosphokinase ","Biosynthesis of cofactors, prosthetic groups, and carriers","Thiamine","2.7.6.2","@Intracellular",NA,NA,NA,""
"lp_1627",1480673,1482709,"+","recG","ATP-dependent DNA helicase RecG","DNA metabolism","DNA replication recombination, and repair","3.6.1.-","@Intracellular",NA,NA,NA,""
"lp_1639",1493671,1494408,"+","trmD","tRNA (guanine-N1-)-methyltransferase","Protein synthesis","tRNA and rRNA base modification","2.1.1.31","@Intracellular",NA,NA,NA,""
"lp_1645",1502991,1503458,"+","lp_1645","alcohol dehydrogenase","Hypothetical proteins","Conserved: other","1.1.1.-","@Intracellular",NA,NA,NA,""
"lp_1660",1513913,1514860,"+","lp_1660","alcohol dehydrogenase, zinc-binding (putative)","Energy metabolism","Fermentation","1.-.-.-","@Intracellular",NA,NA,NA,""
"lp_1670",1522735,1523175,"+","fabZ1","(3R)-hydroxyacyl-[acyl carrier protein] dehydratase","Fatty acid and phospholipid metabolism","Fatty acid biosynthesis","4.2.1.60","@Intracellular",NA,NA,NA,""
"lp_1671",1523253,1524236,"+","fabH2","3-oxoacyl-[acyl-carrier protein] synthase III","Fatty acid and phospholipid metabolism","Fatty acid biosynthesis","2.3.1.41","@Intracellular",NA,NA,NA,""
"lp_1673",1524548,1525477,"+","fabD","[acyl-carrier protein] S-malonyltransferase","Fatty acid and phospholipid metabolism","Fatty acid biosynthesis","2.3.1.39","@Intracellular",NA,NA,NA,""
"lp_1674",1525467,1526192,"+","fabG1","3-oxoacyl-[acyl-carrier protein] reductase","Fatty acid and phospholipid metabolism","Fatty acid biosynthesis","1.1.1.100","@Intracellular",NA,NA,NA,""
"lp_1675",1526214,1527443,"+","fabF","3-oxoacyl-[acyl-carrier protein] synthase II","Fatty acid and phospholipid metabolism","Fatty acid biosynthesis","2.3.1.41","@Intracellular",NA,NA,NA,""
"lp_1676",1527443,1527901,"+","accB2","acetyl-CoA carboxylase, biotin carboxyl carrier protein","Fatty acid and phospholipid metabolism","Fatty acid biosynthesis","6.4.1.2","@Intracellular",NA,NA,NA,""
"lp_1677",1527904,1528314,"+","fabZ2","(3R)-hydroxymyristoyl-[acyl carrier protein] dehydratase","Fatty acid and phospholipid metabolism","Fatty acid biosynthesis","4.2.1.-","@Intracellular",NA,NA,NA,""
"lp_1678",1528332,1529717,"+","accC2","acetyl-CoA carboxylase, biotin carboxylase subunit","Fatty acid and phospholipid metabolism","Fatty acid biosynthesis","6.4.1.2","@Intracellular",NA,NA,NA,""
"lp_1679",1529686,1530528,"+","accD2","acetyl-CoA carboxylase, carboxyl transferase subunit beta","Fatty acid and phospholipid metabolism","Fatty acid biosynthesis","6.4.1.2","@Intracellular",NA,NA,NA,""
"lp_1680",1530524,1531291,"+","accA2","acetyl-CoA carboxylase, carboxyl transferase subunit alpha","Fatty acid and phospholipid metabolism","Fatty acid biosynthesis","6.4.1.2","@Intracellular",NA,NA,NA,""
"lp_1681",1531315,1532070,"+","fabI","enoyl-[acyl-carrier protein] reductase (NADH)","Fatty acid and phospholipid metabolism","Fatty acid biosynthesis","1.3.1.9","@Intracellular",NA,NA,NA,""
"lp_1682",1532073,1532621,"+","lp_1682","phosphopantetheinyltransferase","Fatty acid and phospholipid metabolism","Fatty acid biosynthesis","2.7.8.-","@Intracellular",NA,NA,NA,""
"lp_1686",1534765,1535262,"+","lp_1686","acyl-CoA hydrolase","Central intermediary metabolism","General","3.1.2.20","@Intracellular",NA,NA,NA,""
"lp_1687",1535530,1536585,"+","lp_1687","GTPase","Other categories","Other","3.6.1.-","@Intracellular",NA,NA,NA,""
"lp_1696",1543481,1544650,"+","cfa1","cyclopropane-fatty-acyl-phospholipid synthase","Fatty acid and phospholipid metabolism","General","2.1.1.79","@Intracellular",NA,NA,NA,""
"lp_1711",1551378,1552814,"-","pepD4","dipeptidase","Protein fate","Degradation of proteins, peptides, and glycopeptides","3.4.13.-","@N-terminally anchored (No CS)",NA,NA,NA,""
"lp_1715",1555082,1555996,"+","lp_1715","prenyltransferase","Biosynthesis of cofactors, prosthetic groups, and carriers","Menaquinone and ubiquinone","2.5.1.-","@Multi-transmembrane",NA,NA,NA,""
"lp_1730",1566381,1568624,"+","mapA","maltose phosphorylase","Central intermediary metabolism","Biosynthesis and degradation of polysaccharides","2.4.1.8","@Intracellular",NA,NA,NA,""
"lp_1731",1568652,1569662,"+","galM2","aldose 1-epimerase","Energy metabolism","Sugars","5.1.3.3","@Intracellular",NA,NA,NA,""
"lp_1737",1574877,1577678,"+","dinG","ATP-dependent helicase DinG","DNA metabolism","DNA replication recombination, and repair","3.6.1.-","@Intracellular",NA,NA,NA,""
"lp_1764",1600146,1601222,"+","lp_1764","muramoyl-tetrapeptide carboxypeptidase, S66 family (putative)","Cellular processes","Murein sacculus and peptidoglycan","3.4.17.13","@Intracellular",NA,NA,NA,""
"lp_1768",1603384,1604439,"+","lp_1768","muramoyl-tetrapeptide carboxypeptidase, S66 family (putative)","Cellular processes","Murein sacculus and peptidoglycan","3.4.17.13","@Intracellular",NA,NA,NA,""
"lp_1776",1608462,1609565,"+","lp_1776","oxidoreductase, FAD-dependent","Hypothetical proteins","Conserved: putative function","1.-.-.-","@Intracellular",NA,NA,NA,""
"lp_1781",1612923,1613843,"+","rluD1","RNA pseudouridylate synthase","Protein synthesis","tRNA and rRNA base modification","4.2.1.70","@Intracellular",NA,NA,NA,""
"lp_1783",1614564,1615643,"+","pyrAA2","carbamoyl-phosphate synthase (glutamine-hydrolysing), small chain","Purines, pyrimidines, nucleosides and nucleotides","Pyrimidine ribonucleotide biosynthesis","6.3.5.5","@Intracellular",NA,NA,NA,""
"lp_1784",1615643,1618201,"+","pyrAB2","carbamoyl-phosphate synthase (glutamine-hydrolysing), large chain","Purines, pyrimidines, nucleosides and nucleotides","Pyrimidine ribonucleotide biosynthesis","6.3.5.5","",NA,NA,NA,""
"lp_1785",1618383,1618979,"+","pgm5","phosphoglycerate mutase family protein","Energy metabolism","Glycolysis","5.4.2.1","@Intracellular",NA,NA,NA,""
"lp_1797",1628289,1628720,"+","lp_1797","acetyltransferase, GNAT family (putative)","Hypothetical proteins","Conserved: putative function","2.3.1.-","@Intracellular",NA,NA,NA,""
"lp_1820",1647364,1647888,"+","lp_1820","acetyltransferase, GNAT family (putative)","Hypothetical proteins","Conserved: putative function","2.3.1.-","@Intracellular",NA,NA,NA,""
"lp_1822",1648551,1649897,"+","gshR3","glutathione reductase","Biosynthesis of cofactors, prosthetic groups, and carriers","Glutathione, thioredoxin, and glutaredoxin","1.8.1.7","@Intracellular",NA,NA,NA,""
"lp_1824",1650581,1651885,"+","lp_1824","glycosyltransferase (putative)","Cell envelope","Surface polysaccharides, lipopolysaccharides and antigens","2.4.1.-","@Multi-transmembrane",NA,NA,NA,""
"lp_1835",1657086,1657598,"-","msrA2","protein-methionine-S-oxide reductase","Protein fate","Protein modification and repair","1.8.4.11","@Intracellular",NA,NA,NA,""
"lp_1836",1657629,1658060,"-","mrsB","protein-methionine-S-oxide reductase","Protein fate","Protein modification and repair","1.8.4.11","@Intracellular",NA,NA,NA,""
"lp_1859",1680551,1681246,"-","lp_1859","oxidoreductase","Hypothetical proteins","Conserved: putative function","1.1.1.-","@Intracellular",NA,NA,NA,""
"lp_1873",1692950,1694170,"-","lp_1873","tRNA nucleotidyltransferase/poly(A) polymerase","Transcription","RNA synthesis, modification, and DNA transcription","2.7.7.-","@Intracellular",NA,NA,NA,""
"lp_1874",1694170,1694952,"-","dapB","dihydrodipicolinate reductase","Amino acid biosynthesis","Aspartate family","1.3.1.26","@Intracellular",NA,NA,NA,""
"lp_1885",1702394,1703830,"-","recQ2","ATP-dependent DNA helicase RecQ","DNA metabolism","DNA replication recombination, and repair","3.6.1.-","@Intracellular",NA,NA,NA,""
"lp_1888",1706083,1706796,"-","rluB","16S rRNA pseudouridylate synthase","Protein synthesis","tRNA and rRNA base modification","4.2.1.70","@Intracellular",NA,NA,NA,""
"lp_1897",1711812,1713569,"-","pyk","pyruvate kinase","Energy metabolism","Glycolysis","2.7.1.40","@Intracellular",NA,NA,NA,""
"lp_1898",1713658,1714617,"-","pfk","6-phosphofructokinase","Energy metabolism","Glycolysis","2.7.1.11","@Intracellular",NA,NA,NA,""
"lp_1904",1722012,1723247,"-","pepT","tripeptidase, M20B family","Protein fate","Degradation of proteins, peptides, and glycopeptides","3.4.11.4","@Intracellular",NA,NA,NA,""
"lp_1912",1729432,1731825,"-","pps","phosphoenolpyruvate synthase (pyruvate phosphate dikinase)","Energy metabolism","Glycolysis","2.7.9.2","@Intracellular",NA,NA,NA,""
"lp_1918",1736403,1737374,"-","lp_1918","oxidoreductase","Hypothetical proteins","Conserved: putative function","1.-.-.-","@Intracellular",NA,NA,NA,""
"lp_1923",1743374,1744516,"-","dapE1","succinyl-diaminopimelate desuccinylase","Amino acid biosynthesis","Aspartate family","3.5.1.18","@Intracellular",NA,NA,NA,""
"lp_1925",1744640,1746328,"-","nox3","NADH oxidase","Energy metabolism","Aerobic","1.6.-.-","@Intracellular",NA,NA,NA,""
"lp_1933",1752850,1753455,"-","thgA2","galactoside O-acetyltransferase","Central intermediary metabolism","General","2.3.1.18","@Intracellular",NA,NA,NA,""
"lp_1939",1757912,1758853,"+","lp_1939","oxidoreductase","Hypothetical proteins","Conserved: putative function","1.-.-.-","@Intracellular",NA,NA,NA,""
"lp_1943",1761557,1762657,"-","hpk6","histidine protein kinase; sensor protein","Regulatory functions","Two-component regulators","2.7.3.-","@Multi-transmembrane",NA,NA,NA,""
"lp_1963",1775393,1777270,"-","dnaG","DNA primase DnaG","DNA metabolism","DNA replication recombination, and repair","2.7.7.-","@Intracellular",NA,NA,NA,""
"lp_1975",1786658,1787380,"-","lp_1975","short-chain dehydrogenase/oxidoreductase","Energy metabolism","Aerobic","1.-.-.-","@N-terminally anchored (No CS)",NA,NA,NA,""
"lp_1979",1791061,1791588,"-","msrA3","protein-methionine-S-oxide reductase","Protein fate","Protein modification and repair","1.8.4.11","@Intracellular",NA,NA,NA,""
"lp_2021",1822373,1823563,"-","pbpX2","serine-type D-Ala-D-Ala carboxypeptidase","Cell envelope","Murein sacculus and peptidoglycan","3.4.16.4","@N-terminally anchored (No CS)",NA,NA,NA,""
"lp_2030",1830548,1831255,"-","aldB","alpha-acetolactate decarboxylase","Energy metabolism","Fermentation","4.1.1.5","@Intracellular",NA,NA,NA,""
"lp_2031",1831259,1832257,"-","ribC2","bifunctional protein: riboflavin kinase; FMN adenylyltransferase","Biosynthesis of cofactors, prosthetic groups, and carriers","Riboflavin, FMN, and FAD","2.7.1.26;2.7.7.2","@Intracellular",NA,NA,NA,""
"lp_2032",1832273,1833193,"-","truB","pseudouridylate synthase","Protein synthesis","tRNA and rRNA base modification","4.2.1.70","@Intracellular",NA,NA,NA,""
"lp_2056",1859099,1859818,"+","lp_2056","similar to 5'-nucleotidase","Hypothetical proteins","Conserved: putative function","3.1.3.5 & 3.1.3.6","@Intracellular",NA,NA,NA,""
"lp_2071",1868305,1869243,"+","lp_2071","glycosyltransferase","Cell envelope","Surface polysaccharides, lipopolysaccharides and antigens","2.4.1.-","@Multi-transmembrane",NA,NA,NA,""
"lp_2089",1883956,1884744,"-","lp_2089","short-chain dehydrogenase/oxidoreductase","Energy metabolism","Aerobic","1.-.-.-","@Secretory(released) (with CS)",NA,NA,NA,""
"lp_2096",1888848,1889762,"+","fruK","1-phosphofructokinase","Energy metabolism","Sugars","2.7.1.56","@Intracellular",NA,NA,NA,""
"lp_2100",1894858,1895823,"-","cps4I","glycosyltransferase","Cell envelope","Surface polysaccharides, lipopolysaccharides and antigens","2.4.1.-","@Intracellular",NA,NA,NA,""
"lp_2102",1897082,1898113,"-","cps4G","glycosyltransferase","Cell envelope","Surface polysaccharides, lipopolysaccharides and antigens","2.4.1.-","@Intracellular",NA,NA,NA,""
"lp_2103",1898126,1899214,"-","cps4F","glycosyltransferase","Cell envelope","Surface polysaccharides, lipopolysaccharides and antigens","2.4.1.-","@Intracellular",NA,NA,NA,""
"lp_2105",1899869,1900807,"-","cps4D","UDP N-acetyl glucosamine 4-epimerase, NAD dependent","Purines, pyrimidines, nucleosides and nucleotides","Sugar-nucleotide biosynthesis and interconversions","5.3.1.7","@Intracellular",NA,NA,NA,""
"lp_2123",1917042,1917911,"-","dapA1","dihydrodipicolinate synthase","Amino acid biosynthesis","Aspartate family","4.2.1.52","@Intracellular",NA,NA,NA,""
"lp_2142",1934329,1935681,"-","ica2","glycosyltransferase (putative)","Cell envelope","Surface polysaccharides, lipopolysaccharides and antigens","2.4.1.-","@Multi-transmembrane",NA,NA,NA,""
"lp_2150",1941873,1942802,"-","lp_2150","L-lactate dehydrogenase (putative)","Energy metabolism","Fermentation","1.1.1.27","",NA,NA,NA,""
"lp_2151",1943210,1944619,"-","pdhD","pyruvate dehydrogenase complex, E3 component; dihydrolipoamide dehydrogenase","Energy metabolism","Glycolysis","1.8.1.4","@Intracellular",NA,NA,NA,""
"lp_2152",1944630,1945922,"-","pdhC","pyruvate dehydrogenase complex, E2 component; dihydrolipoamide S-acetyltransferase","Energy metabolism","Glycolysis","2.3.1.12","@Intracellular",NA,NA,NA,""
"lp_2153",1945983,1946957,"-","pdhB","pyruvate dehydrogenase complex, E1 component, beta subunit","Energy metabolism","Glycolysis","1.2.4.1","@Intracellular",NA,NA,NA,""
"lp_2154",1946962,1948071,"-","pdhA","pyruvate dehydrogenase complex, E1 component, alpha subunit","Energy metabolism","Glycolysis","1.2.4.1","@Intracellular",NA,NA,NA,""
"lp_2162",1953250,1954737,"-","lp_2162","extracellular protein, NlpC/P60 family, gamma-D-glutamate-meso-diaminopimelate muropeptidase (putative)","Cell envelope","Cell surface proteins: peptidoglycan-bound","3.4.19.11","@N-terminally anchored (with CS)",NA,NA,NA,""
"lp_2170",1960921,1961583,"-","pgm6","phosphoglycerate mutase family protein","Energy metabolism","Glycolysis","5.4.2.1","@Intracellular",NA,NA,NA,""
"lp_2218",2001330,2001686,"-","pts17A","glucitol/sorbitol PTS, EIIA","Transport and binding proteins","PTS systems","2.7.1.69","@Intracellular",NA,NA,NA,""
"lp_2219",2001818,2002834,"+","lp_2219","6-phosphogluconolactonase","Energy metabolism","Pentose phosphate pathway","3.1.1.31","@Intracellular",NA,NA,NA,""
"lp_2221",2003748,2004647,"-","rluD2","pseudouridylate synthase","Protein synthesis","tRNA and rRNA base modification","4.2.1.70","@Intracellular",NA,NA,NA,""
"lp_2225",2007252,2009060,"-","pepF1","oligoendopeptidase F","Protein fate","Degradation of proteins, peptides, and glycopeptides","3.4.24.-","@Intracellular",NA,NA,NA,""
"lp_2231c",2022080,2022661,"-","ppiB","peptidylprolyl isomerase","Protein fate","Protein folding and stabilization","5.2.1.8","@Intracellular",NA,NA,NA,""
"lp_2242",2029945,2031135,"-","ack3","acetate kinase","Energy metabolism","Fermentation","2.7.2.1","@Intracellular",NA,NA,NA,""
"lp_2251",2036006,2036923,"-","rbsK2","ribokinase","Energy metabolism","Sugars","2.7.1.15","@Intracellular",NA,NA,NA,""
"lp_2267",2047594,2048199,"-","xtp1","xanthosine triphosphate pyrophosphatase","Purines, pyrimidines, nucleosides and nucleotides","Nucleotide and nucleoside interconversions","3.6.1.-","@Intracellular",NA,NA,NA,""
"lp_2341",2116273,2117400,"-","bla2","beta-lactamase (putative)","Cell envelope","Cell surface proteins: other","3.5.2.6","@N-terminally anchored (No CS)",NA,NA,NA,""
"lp_2349",2123938,2124852,"-","hicD3","L-2-hydroxyisocaproate dehydrogenase","Energy metabolism","Amino acids and amines","1.1.1.-","@Intracellular",NA,NA,NA,""
"lp_2360",2131327,2131878,"-","lp_2360","ribosomal protein serine-acetylating enzyme","Protein synthesis","Ribosomal proteins: modification","2.3.1.-","@Intracellular",NA,NA,NA,""
"lp_2384",2151879,2152841,"-","pmi","mannose-6-phosphate isomerase","Energy metabolism","Sugars","5.3.1.8","@Intracellular",NA,NA,NA,""
"lp_2390",2154548,2155573,"-","bcaT","branched-chain amino acid aminotransferase","Energy metabolism","Amino acids and amines","2.6.1.42","@Intracellular",NA,NA,NA,""
"lp_2505",2237730,2239250,"-","hpk7","histidine protein kinase; sensor protein","Regulatory functions","Two-component regulators","2.7.3.-","@Multi-transmembrane",NA,NA,NA,""
"lp_2520",2248783,2249673,"-","lp_2520","extracellular protein, NlpC/P60 family, gamma-D-glutamate-meso-diaminopimelate muropeptidase (putative)","Cell envelope","Murein sacculus and peptidoglycan","3.4.19.11","@Intracellular",NA,NA,NA,""
"lp_2531",2256929,2258914,"-","pts18CBA","N-acetylglucosamine and glucose PTS, EIICBA","Transport and binding proteins","PTS systems","2.7.1.69","@Multi-transmembrane",NA,NA,NA,""
"lp_2544",2269594,2270946,"+","npr2","NADH peroxidase","Cellular processes","Detoxification","1.11.1.1","@Intracellular",NA,NA,NA,""
"lp_2548",2272150,2273007,"-","lp_2548","3-hydroxyisobutyrate dehydrogenase related beta-hydroxyacid dehydrogenase ","Energy metabolism","Anaerobic","1.1.1.-","@N-terminally anchored (No CS)",NA,NA,NA,""
"lp_2572",2290119,2291069,"+","pva3","penicillin V acylase family protein","Fatty acid and phospholipid metabolism","Sterol, Vitamin K, Vitamin E, carotenoids biosynthesis","3.5.1.11","@Intracellular",NA,NA,NA,""
"lp_2590",2308713,2309270,"-","lp_2590","nitroreductase family protein","Energy metabolism","Anaerobic","1.-.-.-","@Intracellular",NA,NA,NA,""
"lp_2591",2309470,2310423,"+","lp_2591","purine nucleosidase","Purines, pyrimidines, nucleosides and nucleotides","Salvage of nucleosides and nucleotides","3.2.2.1","@Intracellular",NA,NA,NA,""
"lp_2596",2313951,2314751,"-","pflE","formate acetyltransferase activating enzyme (similar to)","Energy metabolism","Fermentation","1.97.1.4","@Intracellular",NA,NA,NA,""
"lp_2598",2315865,2318306,"+","pflF","formate C-acetyltransferase (similar to)","Energy metabolism","Fermentation","2.3.1.54","@Intracellular",NA,NA,NA,""
"lp_2600",2320034,2320744,"+","tal1","transaldolase","Energy metabolism","Pentose phosphate pathway","2.2.1.2","@Intracellular",NA,NA,NA,""
"lp_2604",2323890,2324867,"-","lp_2604","NAD(P)-dependent oxidoreductase","Hypothetical proteins","Conserved: putative function","1.-.-.-","@Intracellular",NA,NA,NA,""
"lp_2606",2325093,2326109,"-","lp_2606","NAD(P)-dependent oxidoreductase","Hypothetical proteins","Conserved: putative function","1.-.-.-","@Intracellular",NA,NA,NA,""
"lp_2621",2336934,2338730,"+","pepF2","oligoendopeptidase F","Protein fate","Degradation of proteins, peptides, and glycopeptides","3.4.24.-","@Intracellular",NA,NA,NA,""
"lp_2629",2341569,2343323,"-","pox3","pyruvate oxidase","Energy metabolism","Aerobic","1.2.3.3","@Intracellular",NA,NA,NA,""
"lp_2643",2350580,2351590,"-","lplA1","lipoate-protein ligase","Fatty acid and phospholipid metabolism","General","6.3.2.-","@Intracellular",NA,NA,NA,""
"lp_2647",2354932,2355351,"-","pts19A","N-acetylglucosamine/galactosamine PTS, EIIA","Transport and binding proteins","PTS systems","2.7.1.69","@Intracellular",NA,NA,NA,""
"lp_2648",2355356,2356168,"-","pts19D","N-acetylgalactosamine PTS, EIID","Transport and binding proteins","PTS systems","2.7.1.69","@Multi-transmembrane",NA,NA,NA,""
"lp_2649",2356161,2356967,"-","pts19C","N-acetylgalactosamine PTS, EIIC","Transport and binding proteins","PTS systems","2.7.1.69","@Multi-transmembrane",NA,NA,NA,""
"lp_2650",2356971,2357450,"-","pts19B","N-acetylgalactosamine PTS, EIIB","Transport and binding proteins","PTS systems","2.7.1.69","@Intracellular",NA,NA,NA,""
"lp_2653",2359451,2360350,"+","rluA","ribosomal large subunit pseudouridylate synthase","Protein synthesis","tRNA and rRNA base modification","4.2.1.70","@Intracellular",NA,NA,NA,""
"lp_2659",2362939,2365302,"-","xpkA","xylulose-5-P phosphoketolase & fructose-6-P phosphoketolase","Energy metabolism","Pentose phosphate pathway","4.1.2.9 & 4.2.1.22","@Intracellular",NA,NA,NA,""
"lp_2660",2365535,2366380,"-","xynC","acetyl xylosidase (promiscuous)","Energy metabolism","Sugars","3.1.1.72 & 3.1.1.-","@Intracellular",NA,NA,NA,""
"lp_2677",2378604,2379545,"+","lp_2677","oxidoreductase","Hypothetical proteins","Conserved: putative function","1.-.-.-","@Intracellular",NA,NA,NA,""
"lp_2684",2383592,2384761,"+","araT2","aromatic amino acid specific aminotransferase","Energy metabolism","Amino acids and amines","2.6.1.57","@Intracellular",NA,NA,NA,""
"lp_2685",2384769,2385635,"+","dapA2","dihydrodipicolinate synthase","Amino acid biosynthesis","Aspartate family","4.2.1.52","@Intracellular",NA,NA,NA,""
"lp_2697",2398348,2398983,"-","pyrE","orotate phosphoribosyltransferase","Purines, pyrimidines, nucleosides and nucleotides","Pyrimidine ribonucleotide biosynthesis","2.4.2.10","@Intracellular",NA,NA,NA,""
"lp_2698",2398988,2399698,"-","pyrF","orotidine-5'-phosphate decarboxylase","Purines, pyrimidines, nucleosides and nucleotides","Pyrimidine ribonucleotide biosynthesis","4.1.1.23","@Intracellular",NA,NA,NA,""
"lp_2699",2399698,2400612,"-","pyrD","dihydroorotate oxidase","Purines, pyrimidines, nucleosides and nucleotides","Pyrimidine ribonucleotide biosynthesis","1.3.3.1","@Intracellular",NA,NA,NA,""
"lp_2700",2400658,2403831,"-","pyrAB","carbamoyl-phosphate synthase, pyrimidine-specific, large chain","Purines, pyrimidines, nucleosides and nucleotides","Pyrimidine ribonucleotide biosynthesis","6.3.5.5","@Intracellular",NA,NA,NA,""
"lp_2701",2403827,2404918,"-","pyrAA","carbamoyl-phosphate synthase, pyrimidine-specific, small chain","Purines, pyrimidines, nucleosides and nucleotides","Pyrimidine ribonucleotide biosynthesis","6.3.5.5","@Intracellular",NA,NA,NA,""
"lp_2702",2404918,2406207,"-","pyrC","dihydroorotase","Purines, pyrimidines, nucleosides and nucleotides","Pyrimidine ribonucleotide biosynthesis","3.5.2.3","@Intracellular",NA,NA,NA,""
"lp_2703",2406214,2407146,"-","pyrB","aspartate carbamoyltransferase","Purines, pyrimidines, nucleosides and nucleotides","Pyrimidine ribonucleotide biosynthesis","2.1.3.2","@Intracellular",NA,NA,NA,""
"lp_2732",2430535,2431827,"-","lp_2732","oxidoreductase","Hypothetical proteins","Conserved: putative function","1.-.-.-","@Intracellular",NA,NA,NA,""
"lp_2733",2431845,2432450,"-","lp_2733","NADPH-dependent FMN reductase family protein","Hypothetical proteins","Conserved: putative function","1.-.-.-","@Intracellular",NA,NA,NA,""
"lp_2734",2432684,2433691,"-","lplA2","lipoate-protein ligase","Fatty acid and phospholipid metabolism","General","6.3.2.-","@Intracellular",NA,NA,NA,""
"lp_2735",2433706,2434506,"-","ptp3","protein-tyrosine phosphatase (putative)","Protein fate","Protein modification and repair","3.1.3.48","@Intracellular",NA,NA,NA,""
"lp_2757",2449510,2451231,"-","lp_2757","maltogenic alpha-amylase","Central intermediary metabolism","Biosynthesis and degradation of polysaccharides","3.2.1.133","@Intracellular",NA,NA,NA,""
"lp_2761",2454570,2455169,"-","lp_2761","O-acetyltransferase","Central intermediary metabolism","General","2.3.1.-","@Intracellular",NA,NA,NA,""
"lp_2764",2456153,2456896,"-","lp_2764","short-chain dehydrogenase/oxidoreductase","Energy metabolism","Aerobic","1.-.-.-","@Intracellular",NA,NA,NA,""
"lp_2776",2467219,2468526,"-","dsdA","D-serine ammonia-lyase (putative)","Energy metabolism","Amino acids and amines","4.3.1.18","@Intracellular",NA,NA,NA,""
"lp_2777",2469039,2470478,"-","pbg4","6-phospho-beta-glucosidase","Energy metabolism","Sugars","3.2.1.86","@Intracellular",NA,NA,NA,""
"lp_2778",2470499,2471935,"-","pbg5","6-phospho-beta-glucosidase","Energy metabolism","Sugars","3.2.1.86","@Intracellular",NA,NA,NA,""
"lp_2780",2472132,2472476,"-","pts20A","cellobiose PTS, EIIA","Transport and binding proteins","PTS systems","2.7.1.69","@Intracellular",NA,NA,NA,""
"lp_2781",2472580,2472894,"-","pts20B","cellobiose PTS, EIIB","Transport and binding proteins","PTS systems","2.7.1.69","@Secretory(released) (with CS)",NA,NA,NA,""
"lp_2785",2474926,2475615,"+","pgm7","phosphoglycerate mutase family protein","Energy metabolism","Glycolysis","5.4.2.1","@Intracellular",NA,NA,NA,""
"lp_2790",2480000,2480947,"-","lp_2790","2-hydroxyacid dehydrogenase","Energy metabolism","Glycolysis","1.1.1.-","@Intracellular",NA,NA,NA,""
"lp_2792",2481226,2481795,"-","lp_2792","oxidoreductase","Hypothetical proteins","Conserved: putative function","1.-.-.-","@Intracellular",NA,NA,NA,""
"lp_2802",2495460,2496323,"-","lp_2802","2,5 diketo-D-gluconic acid -like  reductase NADP dependent (promiscuous)","Hypothetical proteins","Conserved: putative function","1.1.1.-","@Intracellular",NA,NA,NA,""
"lp_2803",2496345,2497208,"-","lp_2803","2,5 diketo-D-gluconic acid -like  reductase NADP dependent (promiscuous)","Hypothetical proteins","Conserved: putative function","1.1.1.-","@Intracellular",NA,NA,NA,""
"lp_2825",2518518,2519495,"-","lp_2825","purine nucleosidase, inosine-uridine preferring ","Purines, pyrimidines, nucleosides and nucleotides","Salvage of nucleosides and nucleotides","3.2.2.1","@Intracellular",NA,NA,NA,""
"lp_2830",2523820,2525217,"-","ansB","aspartate ammonia-lyase","Amino acid biosynthesis","Glutamate family","4.3.1.1","@Intracellular",NA,NA,NA,""
"lp_2840",2530501,2531061,"-","lp_2840","ribosomal protein serine-acetylating enzyme","Protein synthesis","Ribosomal proteins: modification","2.3.1.-","@Intracellular",NA,NA,NA,""
"lp_2851",2542893,2543633,"-","lp_2851","short-chain dehydrogenase/oxidoreductase","Energy metabolism","Aerobic","1.-.-.-","@N-terminally anchored (No CS)",NA,NA,NA,""
"lp_2855",2545181,2546431,"-","dapE2","succinyl-diaminopimelate desuccinylase","Amino acid biosynthesis","Aspartate family","3.5.1.18","@Intracellular",NA,NA,NA,""
"lp_2860",2550239,2550886,"-","nth1","endonuclease III","DNA metabolism","Degradation of DNA","4.2.99.18","@Intracellular",NA,NA,NA,""
"lp_2861",2551028,2551645,"-","thgA3","galactoside O-acetyltransferase","Central intermediary metabolism","General","2.3.1.18","@Intracellular",NA,NA,NA,""
"lp_2868",2554948,2555583,"-","pgm8","phosphoglycerate mutase family protein","Energy metabolism","Glycolysis","5.4.2.1","@Intracellular",NA,NA,NA,""
"lp_2890",2569659,2570684,"-","lp_2890","aldo/keto reductase family protein","Hypothetical proteins","Conserved: putative function","1.1.1.-","@N-terminally anchored (No CS)",NA,NA,NA,""
"lp_2907",2583567,2584109,"-","lp_2907","acetyltransferase, GNAT family (putative)","Hypothetical proteins","Conserved: putative function","2.3.1.-","@Intracellular",NA,NA,NA,""
"lp_2909",2584375,2584899,"-","lp_2909","acetyltransferase, GNAT family (putative)","Hypothetical proteins","Conserved: putative function","2.3.1.-","@Intracellular",NA,NA,NA,""
"lp_2927",2608104,2608634,"-","pts21A","PTS, EIIA","Transport and binding proteins","PTS systems","2.7.1.69","@Intracellular",NA,NA,NA,""
"lp_2931",2611120,2611698,"-","nrdG","anaerobic ribonucleotide reductase activator protein","Purines, pyrimidines, nucleosides and nucleotides","Pyrimidine ribonucleotide biosynthesis","1.97.1.4","@Intracellular",NA,NA,NA,""
"lp_2945",2622474,2623943,"-","lp_2945","aromatic acid carboxylyase, subunit C (putative)","Hypothetical proteins","Conserved: putative function","4.1.1.-","@Intracellular",NA,NA,NA,""
"lp_2968",2641880,2642530,"-","lp_2968","nitroreductase","Energy metabolism","Anaerobic","1.-.-.-","@Intracellular",NA,NA,NA,""
"lp_2969",2642875,2644860,"+","pts22CBA","N-acetylglucosamine PTS, EIICBA","Transport and binding proteins","PTS systems","2.7.1.69","@Multi-transmembrane",NA,NA,NA,""
"lp_2988",2659094,2659891,"-","zmp3","extracellular zinc metalloproteinase, M10 family (putative)","Cell envelope","Cell surface proteins: other","3.4.24.-","@Intracellular",NA,NA,NA,""
"lp_3008",2675830,2676273,"-","pts23A","cellobiose PTS, EIIA","Transport and binding proteins","PTS systems","2.7.1.69","@Intracellular",NA,NA,NA,""
"lp_3009",2676730,2677053,"-","pts23B","cellobiose PTS, EIIB","Transport and binding proteins","PTS systems","2.7.1.69","@N-terminally anchored (with CS)",NA,NA,NA,""
"lp_3010",2677080,2678549,"-","pts23C","cellobiose PTS, EIIC","Transport and binding proteins","PTS systems","2.7.1.69","@Multi-transmembrane",NA,NA,NA,""
"lp_3011",2678552,2679931,"-","pbg6","6-phospho-beta-glucosidase","Energy metabolism","Sugars","3.2.1.86","@Intracellular",NA,NA,NA,""
"lp_3012",2680131,2681147,"-","lp_3012","NAD-dependent epimerase/dehydratase protein family (putative)","Hypothetical proteins","Conserved: putative function","1.-.-.-","@Intracellular",NA,NA,NA,""
"lp_3026",2692526,2693266,"+","lp_3026","short-chain dehydrogenase/oxidoreductase","Energy metabolism","Aerobic","1.-.-.-","@N-terminally anchored (No CS)",NA,NA,NA,""
"lp_3043",2704867,2705898,"+","zmp4","extracellular zinc metalloproteinase","Cell envelope","Cell surface proteins: other","3.4.24.-","@Secretory(released) (with CS)",NA,NA,NA,""
"lp_3051",2712741,2713910,"+","dhaT","1,3-propanediol dehydrogenase","Fatty acid and phospholipid metabolism","Glycerolipid metabolism","1.1.1.202","@Intracellular",NA,NA,NA,""
"lp_3054",2715143,2716261,"-","lp_3054","aryl-alcohol dehydrogenase","Energy metabolism","Phenolic acids","1.1.1.90","@Intracellular",NA,NA,NA,""
"lp_3055",2716627,2718549,"-","copA","copper transporting ATPase","Transport and binding proteins","Cations","3.6.3.4","@Multi-transmembrane",NA,NA,NA,""
"lp_3063",2725202,2726467,"-","hpk9","histidine protein kinase; sensor protein","Regulatory functions","Two-component regulators","2.7.3.-","@Multi-transmembrane",NA,NA,NA,""
"lp_3069",2731223,2732188,"-","lp_3069","oxidoreductase","Hypothetical proteins","Conserved: putative function","1.-.-.-","@Intracellular",NA,NA,NA,""
"lp_3088",2748063,2749310,"-","hpk10","histidine protein kinase; sensor protein","Regulatory functions","Two-component regulators","2.7.3.-","@Multi-transmembrane",NA,NA,NA,""
"lp_3092",2751334,2752743,"+","gabD","succinate-semialdehyde dehydrogenase (NAD(P)+)","Energy metabolism","Amino acids and amines","1.2.1.16","@Intracellular",NA,NA,NA,""
"lp_3098",2758531,2759565,"+","lp_3098","NAD-dependent epimerase/dehydratase protein family (putative)","Hypothetical proteins","Conserved: putative function","1.-.-.-","@Intracellular",NA,NA,NA,""
"lp_3100",2760506,2761456,"-","lp_3100","aldo/keto reductase family protein","Hypothetical proteins","Conserved: putative function","1.-.-.-","@Intracellular",NA,NA,NA,""
"lp_3108",2768576,2769466,"-","lp_3108","oxidoreductase","Hypothetical proteins","Conserved: putative function","1.-.-.-","@Intracellular",NA,NA,NA,""
"lp_3123",2788966,2789787,"-","lp_3123","NADH pyrophosphatase, Nudix family (putative)","Hypothetical proteins","Conserved: putative function","3.6.1.-","@Intracellular",NA,NA,NA,""
"lp_3125",2791021,2792499,"+","lp_3125","fumarate reductase, flavoprotein subunit precursor","Energy metabolism","Electron transport","1.3.99.1","@Intracellular",NA,NA,NA,""
"lp_3132",2799772,2801220,"-","pbg7","6-phospho-beta-glucosidase","Energy metabolism","Sugars","3.2.1.86","@Intracellular",NA,NA,NA,""
"lp_3133",2801227,2803071,"-","pts24BCA","beta-glucosides PTS, EIIBCA","Transport and binding proteins","PTS systems","2.7.1.69","@Multi-transmembrane",NA,NA,NA,""
"lp_3135",2803918,2805906,"-","tkt3","transketolase","Energy metabolism","Pentose phosphate pathway","2.2.1.1","@Intracellular",NA,NA,NA,""
"lp_3170",2827655,2828344,"-","pmg9","phosphoglycerate mutase family protein","Energy metabolism","Glycolysis","5.4.2.1","@Intracellular",NA,NA,NA,""
"lp_3174",2832356,2833546,"+","cfa2","cyclopropane-fatty-acyl-phospholipid synthase","Fatty acid and phospholipid metabolism","General","2.1.1.79","@Intracellular",NA,NA,NA,""
"lp_3187",2840461,2840955,"-","bar","phosphinothricin N-acetyltransferase","Other categories","Drug and analog sensitivity","2.3.1.-","@Intracellular",NA,NA,NA,""
"lp_3189",2841544,2842875,"-","dacA1","serine-type D-Ala-D-Ala carboxypeptidase","Cell envelope","Murein sacculus and peptidoglycan","3.4.16.4","@Secretory(released) (with CS)",NA,NA,NA,""
"lp_3190",2842948,2844105,"-","hpk11","histidine protein kinase; sensor protein","Regulatory functions","Two-component regulators","2.7.3.-","@Multi-transmembrane",NA,NA,NA,""
"lp_3193",2845770,2846696,"-","prtM2","peptidylprolyl isomerase","Protein fate","Protein folding and stabilization","5.2.1.8","@Lipid anchored",NA,NA,NA,""
"lp_3219",2866846,2868768,"-","pts26BCA","sucrose PTS, EIIBCA","Transport and binding proteins","PTS systems","2.7.1.69","@Multi-transmembrane",NA,NA,NA,""
"lp_3220",2868764,2870428,"-","malA2","maltase-sucrase, probably sucrose-6-P hydrolase","Central intermediary metabolism","Biosynthesis and degradation of polysaccharides","3.2.1.-","@Intracellular",NA,NA,NA,""
"lp_3229",2877728,2879674,"-","pts27BCA","beta-glucosides PTS, EIIBCA","Transport and binding proteins","PTS systems","2.7.1.69","@Multi-transmembrane",NA,NA,NA,""
"lp_3239",2886024,2886884,"-","lp_3239","oxidoreductase (putative)","Hypothetical proteins","Conserved: putative function","1.-.-.-","@Intracellular",NA,NA,NA,""
"lp_3240",2887104,2889140,"-","pts28ABC","beta-glucosides PTS, EIIABC","Transport and binding proteins","PTS systems","2.7.1.69","@Multi-transmembrane",NA,NA,NA,""
"lp_3241",2889353,2890018,"-","nth2","endonuclease III","DNA metabolism","Degradation of DNA","4.2.99.18","@Intracellular",NA,NA,NA,""
"lp_3244",2890429,2890977,"-","lp_3244","NADPH-dependent FMN reductase family protein","Hypothetical proteins","Conserved: putative function","1.-.-.-","@Intracellular",NA,NA,NA,""
"lp_3252",2896424,2896963,"+","lp_3252","acetyltransferase, GNAT family (putative)","Hypothetical proteins","Conserved: putative function","2.3.1.-","@Intracellular",NA,NA,NA,""
"lp_3263",2903201,2904079,"+","crtM","dehydrosqualene synthase","Biosynthesis of cofactors, prosthetic groups, and carriers","Other","2.5.1.-","@Intracellular",NA,NA,NA,""
"lp_3267",2906700,2908031,"+","gshR4","glutathione reductase","Biosynthesis of cofactors, prosthetic groups, and carriers","Glutathione, thioredoxin, and glutaredoxin","1.8.1.7","@Intracellular",NA,NA,NA,""
"lp_3272",2912856,2913638,"+","ptp2","protein-tyrosine phosphatase","Protein fate","Protein modification and repair","3.1.3.48","@Intracellular",NA,NA,NA,""
"lp_3273",2913725,2915179,"-","cls","cardiolipin synthetase 2","Fatty acid and phospholipid metabolism","Glycerolipid metabolism","2.7.8.-","@Multi-transmembrane",NA,NA,NA,""
"lp_3295",2932107,2932691,"-","folQ","dihydroneopterin triphosphate pyrophosphohydrolase ","Purines, pyrimidines, nucleosides and nucleotides","Nucleotide and nucleoside interconversions","3.6.1.-","@Intracellular",NA,NA,NA,""
"lp_3313",2949059,2951314,"+","pflB","formate C-acetyltransferase","Energy metabolism","Fermentation","2.3.1.54","@Intracellular",NA,NA,NA,""
"lp_3314",2951354,2952172,"+","pflA","formate C-acetyltransferase activating enzyme","Energy metabolism","Fermentation","1.97.1.4","@Intracellular",NA,NA,NA,""
"lp_3318",2953772,2954689,"+","lp_3318","aldo/keto reductase family protein","Hypothetical proteins","Conserved: putative function","1.-.-.-","@Intracellular",NA,NA,NA,""
"lp_3327",2960524,2962365,"+","lp_3327","cadmium-/zinc-/cobalt- transporting ATPase","Transport and binding proteins","Cations","3.6.3.-","@Multi-transmembrane",NA,NA,NA,""
"lp_3335",2969288,2970379,"+","glmS2","glutamine-fructose-6-phosphate transaminase (isomerizing)","Central intermediary metabolism","Amino sugars","2.6.1.16","",NA,NA,NA,""
"lp_3349",2979252,2980349,"-","mutY","A/G-specific adenine glycosylase (putative)","DNA metabolism","DNA replication recombination, and repair","3.2.2.-","@Intracellular",NA,NA,NA,""
"lp_3362",2987558,2988541,"-","pva2","penicillin V acylase family protein","Fatty acid and phospholipid metabolism","Sterol, Vitamin K, Vitamin E, carotenoids biosynthesis","3.5.1.11","@Intracellular",NA,NA,NA,""
"lp_3363",2988641,2990677,"-","copB","copper transporting ATPase","Transport and binding proteins","Cations","3.6.3.-","@Multi-transmembrane",NA,NA,NA,""
"lp_3398",3012096,3014705,"-","pacL3","cation transporting P-type ATPase","Transport and binding proteins","Cations","3.6.3.-","@Multi-transmembrane",NA,NA,NA,""
"lp_3403",3017897,3018754,"-","lp_3403","2,5 diketo-D-gluconic acid -like  reductase, NADP dependent (promiscuous)","Hypothetical proteins","Conserved: putative function","1.1.1.-","@Intracellular",NA,NA,NA,""
"lp_3418",3033342,3035000,"+","pck","phosphoenolpyruvate carboxykinase (ATP)","Energy metabolism","TCA cycle","4.1.1.49","@Intracellular",NA,NA,NA,""
"lp_3420",3035469,3036875,"+","gadB","glutamate decarboxylase","Energy metabolism","Amino acids and amines","4.1.1.15","@Intracellular",NA,NA,NA,""
"lp_3421",3037013,3038122,"-","lp_3421","extracellular protein, gamma-D-glutamate-meso-diaminopimelate muropeptidase (putative)","Cell envelope","Murein sacculus and peptidoglycan","3.4.19.11","@N-terminally anchored (with CS)",NA,NA,NA,""
"lp_3445",3053206,3055119,"+","pepO","endopeptidase PepO","Protein fate","Degradation of proteins, peptides, and glycopeptides","3.4.24.-","@Intracellular",NA,NA,NA,""
"lp_3449",3056770,3058119,"-","nox5","NADH oxidase","Energy metabolism","Aerobic","1.6.-.-","@Intracellular",NA,NA,NA,""
"lp_3469",3074502,3076550,"-","lacA","beta-galactosidase I","Energy metabolism","Sugars","3.2.1.23","@Intracellular",NA,NA,NA,""
"lp_3471",3077905,3079860,"-","ram1","alpha-L-rhamnosidase","Central intermediary metabolism","Biosynthesis and degradation of polysaccharides","3.2.1.40","@Intracellular",NA,NA,NA,""
"lp_3473",3081235,3082818,"-","ram2","alpha-L-rhamnosidase","Central intermediary metabolism","Biosynthesis and degradation of polysaccharides","3.2.1.40","@Intracellular",NA,NA,NA,""
"lp_3480",3087799,3089259,"-","galT","UTP-galactose-1-P uridylyltransferase","Energy metabolism","Sugars","2.7.7.10","@Intracellular",NA,NA,NA,""
"lp_3481",3089262,3090263,"-","galE2","UDP-glucose 4-epimerase","Purines, pyrimidines, nucleosides and nucleotides","Sugar-nucleotide biosynthesis and interconversions","5.1.3.2","@Intracellular",NA,NA,NA,""
"lp_3482",3090331,3091491,"-","galK","galactokinase","Energy metabolism","Sugars","2.7.1.6","@Intracellular",NA,NA,NA,""
"lp_3483",3091775,3093652,"+","lacL","beta-galactosidase, large subunit","Energy metabolism","Sugars","3.2.1.23","@Intracellular",NA,NA,NA,""
"lp_3484",3093639,3094595,"+","lacM","beta-galactosidase, small subunit","Energy metabolism","Sugars","3.2.1.23","@Intracellular",NA,NA,NA,""
"lp_3485",3094701,3096914,"-","melA","alpha-galactosidase","Central intermediary metabolism","Biosynthesis and degradation of polysaccharides","3.2.1.22","@Intracellular",NA,NA,NA,""
"lp_3487",3099300,3100331,"-","galM3","aldose 1-epimerase","Energy metabolism","Sugars","5.1.3.3","@Intracellular",NA,NA,NA,""
"lp_3489",3101779,3102798,"-","lp_3489","aldo/keto reductase family protein","Hypothetical proteins","Conserved: putative function","1.-.-.-","@Intracellular",NA,NA,NA,""
"lp_3491",3103420,3105708,"-","lp_3491","fumarate reductase, flavoprotein subunit precursor","Energy metabolism","Electron transport","1.3.99.1","@Intracellular",NA,NA,NA,""
"lp_3507",3120945,3122279,"+","pts29C","cellobiose PTS, EIIC","Transport and binding proteins","PTS systems","2.7.1.69","@Multi-transmembrane",NA,NA,NA,""
"lp_3512",3125619,3127076,"-","pbg8","6-phospho-beta-glucosidase","Energy metabolism","Sugars","3.2.1.86","@Intracellular",NA,NA,NA,""
"lp_3513",3127072,3128943,"-","pts30BCA","beta-glucosides PTS, EIIBCA","Transport and binding proteins","PTS systems","2.7.1.69","@Multi-transmembrane",NA,NA,NA,""
"lp_3518",3133170,3134624,"-","pts31BC","PTS, EIIBC, fructose-specific (putative)","Transport and binding proteins","PTS systems","2.7.1.69","@Multi-transmembrane",NA,NA,NA,""
"lp_3519",3134646,3135086,"-","pts31A","PTS, EIIA, fructose-specific (putative)","Transport and binding proteins","PTS systems","2.7.1.69","@Intracellular",NA,NA,NA,""
"lp_3520",3135465,3135944,"-","pts32A","glucose PTS, EIIA","Transport and binding proteins","PTS systems","2.7.1.69","@Intracellular",NA,NA,NA,""
"lp_3522",3136846,3138339,"-","pts32BC","sucrose PTS, EIIBC","Transport and binding proteins","PTS systems","2.7.1.69","@Multi-transmembrane",NA,NA,NA,""
"lp_3525",3140484,3141923,"-","pbg9","6-phospho-beta-glucosidase","Energy metabolism","Sugars","3.2.1.86","@Intracellular",NA,NA,NA,""
"lp_3526",3142015,3143475,"-","pbg10","6-phospho-beta-glucosidase","Energy metabolism","Sugars","3.2.1.86","@Intracellular",NA,NA,NA,""
"lp_3527",3143498,3145492,"-","pts33BCA","beta-glucosides PTS, EIIBCA","Transport and binding proteins","PTS systems","2.7.1.69","@Multi-transmembrane",NA,NA,NA,""
"lp_3530",3146736,3148937,"-","treP","trehalose phosphorylase","Central intermediary metabolism","Biosynthesis and degradation of polysaccharides","2.4.1.64","@Intracellular",NA,NA,NA,""
"lp_3536",3154516,3155487,"-","bsh1","choloylglycine hydrolase","Fatty acid and phospholipid metabolism","Bile acid biosynthesis and degradation","3.5.1.24","@Intracellular",NA,NA,NA,""
"lp_3538",3156586,3158580,"-","tkt4","transketolase","Energy metabolism","Pentose phosphate pathway","2.2.1.1","@Intracellular",NA,NA,NA,""
"lp_3539",3158613,3159263,"-","tal2","transaldolase","Energy metabolism","Pentose phosphate pathway","2.2.1.2","@Intracellular",NA,NA,NA,""
"lp_3544",3163856,3164476,"-","gph3","phosphohydrolase, possibly 2-phosphoglycolate phosphohydrolase or inorganic pyrophosphatase","Central intermediary metabolism","General","3.1.3.18 or 3.6.1.1","@Intracellular",NA,NA,NA,""
"lp_3545",3164585,3165640,"-","lp_3545","D-arabitol-phosphate dehydrogenase (putative)","Energy metabolism","Sugars","1.1.1.-","@Intracellular",NA,NA,NA,""
"lp_3546",3165724,3166992,"-","pts35C","galacitol PTS, EIIC","Transport and binding proteins","PTS systems","2.7.1.69","@Multi-transmembrane",NA,NA,NA,""
"lp_3547",3167030,3167323,"-","pts35B","galactitol PTS, EIIB","Transport and binding proteins","PTS systems","2.7.1.69","@N-terminally anchored (No CS)",NA,NA,NA,""
"lp_3548",3167361,3167828,"-","pts35A","galacitol PTS, EIIA","Transport and binding proteins","PTS systems","2.7.1.69","@Intracellular",NA,NA,NA,""
"lp_3551",3169067,3171475,"+","xfp","xylulose-5-phosphate phosphoketolase ","Energy metabolism","Pentose phosphate pathway","4.1.2.9","@Intracellular",NA,NA,NA,""
"lp_3553",3172041,3172598,"-","araO","arabinose O-acetyltransferase (putative)","Energy metabolism","Sugars","2.3.1.-","@Intracellular",NA,NA,NA,""
"lp_3554",3172682,3174103,"-","araA","L-arabinose isomerase","Energy metabolism","Sugars","5.3.1.4","@Intracellular",NA,NA,NA,""
"lp_3555",3174158,3174883,"-","araD","L-ribulose 5-phosphate 4-epimerase","Energy metabolism","Sugars","5.1.3.4","@Intracellular",NA,NA,NA,""
"lp_3556",3174904,3176502,"-","araB","L-ribulokinase","Energy metabolism","Sugars","2.7.1.16","@Intracellular",NA,NA,NA,""
"lp_3566",3185518,3186246,"-","lp_3566","N-acetylglucosamine 2-epimerase (putative)","Central intermediary metabolism","Amino sugars","5.1.3.8","@Intracellular",NA,NA,NA,""
"lp_3567",3186455,3187315,"-","nanK","N-acetyl mannosamine kinase; regulator, ROK family (putative)","Central intermediary metabolism","Amino sugars","2.7.1.60","@Intracellular",NA,NA,NA,""
"lp_3568",3187588,3188463,"+","nanA","N-acetylneuraminate lyase","Central intermediary metabolism","Amino sugars","4.1.3.3","@Intracellular",NA,NA,NA,""
"lp_3571",3189354,3190037,"+","nanE","N-acetylmannosamine-6-phosphate 2-epimerase","Central intermediary metabolism","Amino sugars","5.1.3.9","@Intracellular",NA,NA,NA,""
"lp_3572",3190182,3191384,"-","lp_3572","FAD-dependent pyridine nucleotide-disulphide oxidoreductase","Hypothetical proteins","Conserved: putative function","1.-.-.-","@Intracellular",NA,NA,NA,""
"lp_3581",3197048,3198304,"-","lamC","histidine protein kinase; sensor protein","Regulatory functions","Two-component regulators","2.7.3.-","@Multi-transmembrane",NA,NA,NA,""
"lp_3586",3202770,3203867,"-","lox","NAD-independent L-lactate dehydrogenase","Energy metabolism","Aerobic","1.13.12.4","@Intracellular",NA,NA,NA,""
"lp_3587",3203897,3205648,"-","pox4","pyruvate oxidase","Energy metabolism","Aerobic","1.2.3.3","@Intracellular",NA,NA,NA,""
"lp_3589",3206331,3208139,"-","pox5","pyruvate oxidase","Energy metabolism","Aerobic","1.2.3.3","@Intracellular",NA,NA,NA,""
"lp_3594",3211886,3212197,"-","rhaM","L-rhamnose mutarotase","Energy metabolism","Sugars","5.3.1.-","@Intracellular",NA,NA,NA,""
"lp_3599",3217253,3217711,"+","pts36A","galactitol PTS, EIIA","Transport and binding proteins","PTS systems","2.7.1.69","@Intracellular",NA,NA,NA,""
"lp_3600",3217735,3218043,"+","pts36B","galactitol PTS, EIIB","Transport and binding proteins","PTS systems","2.7.1.69","@Intracellular",NA,NA,NA,""
"lp_3601",3218083,3219630,"+","pts36C","galactitol PTS, EIIC","Transport and binding proteins","PTS systems","2.7.1.69","@Multi-transmembrane",NA,NA,NA,""
"lp_3603",3219914,3220633,"+","lp_3603","sugar-phosphate aldolase","Energy metabolism","Sugars","4.1.2.-","@Intracellular",NA,NA,NA,""
"lp_3605",3222258,3223292,"-","lp_3605","myo-inositol 2-dehydrogenase-like (promiscuous)","Energy metabolism","Sugars","1.1.1.-","@Intracellular",NA,NA,NA,""
"lp_3606",3223331,3224380,"-","iolG","myo-inositol 2-dehydrogenase (promiscuous)","Energy metabolism","Sugars","1.1.1.18","@Intracellular",NA,NA,NA,""
"lp_3607",3224455,3225354,"-","iolE","2-keto-myo-inositol dehydratase (promiscuous)","Energy metabolism","Sugars","4.2.1.44","@Intracellular",NA,NA,NA,""
"lp_3608",3225380,3226405,"-","lp_3608","myo-inositol 2-dehydrogenase-like (promiscuous)","Energy metabolism","Sugars","1.1.1.-","@Intracellular",NA,NA,NA,""
"lp_3612",3228249,3229271,"+","lp_3612","myo-inositol 2-dehydrogenase-like (promiscuous)","Energy metabolism","Sugars","1.1.1.-","@Intracellular",NA,NA,NA,""
"lp_3614",3229781,3230710,"+","lp_3614","oxidoreductase","Hypothetical proteins","Conserved: putative function","1.-.-.-","@Intracellular",NA,NA,NA,""
"lp_3615",3231044,3231976,"+","lp_3615","inosine-uridine nucleoside N-ribohydrolase","Purines, pyrimidines, nucleosides and nucleotides","Salvage of nucleosides and nucleotides","3.2.2.1","@Intracellular",NA,NA,NA,""
"lp_3617",3232382,3233068,"-","tal3","transaldolase","Energy metabolism","Pentose phosphate pathway","2.2.1.2","@Intracellular",NA,NA,NA,""
"lp_3618",3233097,3233468,"-","pts37A","sorbitol PTS, EIIA","Transport and binding proteins","PTS systems","2.7.1.69","@Intracellular",NA,NA,NA,""
"lp_3619",3233490,3234500,"-","pts37BC","sorbitol PTS, EIIBC","Transport and binding proteins","PTS systems","2.7.1.69","@Multi-transmembrane",NA,NA,NA,""
"lp_3620",3234517,3235080,"-","pts37C","sorbitol PTS, EIIC","Transport and binding proteins","PTS systems","2.7.1.69","@Multi-transmembrane",NA,NA,NA,""
"lp_3623",3237467,3238267,"-","srlD1","sorbitol-6-phosphate 2-dehydrogenase (EC 1.1.1.140)","Energy metabolism","Sugars","1.1.1.140","@Intracellular",NA,NA,NA,""
"lp_3627",3241121,3242794,"-","lp_3627","exo-alfa-1,4-glucosidase","Central intermediary metabolism","Biosynthesis and degradation of polysaccharides","3.2.1.2 & 3.2.1.10 & 3.2.1.20","@Intracellular",NA,NA,NA,""
"lp_3629",3242956,3244344,"-","bgl","beta-glucosidase","Energy metabolism","Sugars","3.2.1.21","@Intracellular",NA,NA,NA,""
"lp_3631",3245231,3247927,"-","lp_3631","alpha-mannosidase (promiscuous)","Energy metabolism","Sugars","3.2.1.24 &3.2.1.114","@Intracellular",NA,NA,NA,""
"lp_3634",3250441,3252585,"+","lp_3634","alpha-1,2-mannosidase (putative)","Energy metabolism","Sugars","3.2.1.-","@Intracellular",NA,NA,NA,""
"lp_3637",3254225,3255085,"-","sacK2","fructokinase","Energy metabolism","Sugars","2.7.1.4","@Intracellular",NA,NA,NA,""
"lp_3639",3256644,3258353,"-","yesM","histidine protein kinase; sensor protein","Regulatory functions","Two-component regulators","2.7.3.-","@Multi-transmembrane",NA,NA,NA,""
"lp_3645",3264559,3266406,"-","gcnA","beta hexosamidase or lacto-N-biosidase or beta N-acetylglucosamidase (putative)","Energy metabolism","Sugars","3.2.1.-","@Intracellular",NA,NA,NA,""
"lp_3652",3273503,3273877,"-","pts38A","sorbitol PTS, EIIA","Transport and binding proteins","PTS systems","2.7.1.69","@Intracellular",NA,NA,NA,""
"lp_3653",3273908,3274924,"-","pts38BC","sorbitol PTS, EIIBC","Transport and binding proteins","PTS systems","2.7.1.69","@Multi-transmembrane",NA,NA,NA,""
"lp_3654",3274951,3275499,"-","pts38C","sorbitol PTS, EIIC","Transport and binding proteins","PTS systems","2.7.1.69","@Multi-transmembrane",NA,NA,NA,""
"lp_3657",3277912,3278712,"-","srlD2","sorbitol-6-phosphate 2-dehydrogenase","Energy metabolism","Sugars","1.1.1.140","@Intracellular",NA,NA,NA,""
"lp_3659",3279934,3280326,"-","rbsD","D-ribose mutarotase","Energy metabolism","Sugars","5.3.1.-","@Intracellular",NA,NA,NA,""
"lp_3660",3280332,3281249,"-","rbsK1","ribokinase","Energy metabolism","Sugars","2.7.1.15","@Intracellular",NA,NA,NA,""
"lp_3665",3286816,3287349,"+","padA","phenolic acid decarboxylase","Energy metabolism","Phenolic acids","4.1.1.-","@Intracellular",NA,NA,NA,""
"lp_3666",3287517,3288314,"-","lp_3666","aromatic compound hydratase/decarboxylase","Energy metabolism","Phenolic acids","4.2.1.-","@Intracellular",NA,NA,NA,""
